-- phpMyAdmin SQL Dump
-- version 5.0.4
-- https://www.phpmyadmin.net/
--
-- Host: localhost
-- Generation Time: Mar 28, 2021 at 07:59 AM
-- Server version: 10.3.23-MariaDB-1
-- PHP Version: 7.4.15

SET SQL_MODE = "NO_AUTO_VALUE_ON_ZERO";
START TRANSACTION;
SET time_zone = "+00:00";


/*!40101 SET @OLD_CHARACTER_SET_CLIENT=@@CHARACTER_SET_CLIENT */;
/*!40101 SET @OLD_CHARACTER_SET_RESULTS=@@CHARACTER_SET_RESULTS */;
/*!40101 SET @OLD_COLLATION_CONNECTION=@@COLLATION_CONNECTION */;
/*!40101 SET NAMES utf8mb4 */;

--
-- Database: `once_erp`
--

-- --------------------------------------------------------

--
-- Table structure for table `acc_coa`
--

CREATE TABLE `acc_coa` (
  `HeadCode` varchar(50) COLLATE utf8_unicode_ci NOT NULL,
  `HeadName` varchar(100) COLLATE utf8_unicode_ci NOT NULL,
  `PHeadName` varchar(50) COLLATE utf8_unicode_ci NOT NULL,
  `HeadLevel` int(11) NOT NULL,
  `IsActive` tinyint(1) NOT NULL,
  `IsTransaction` tinyint(1) NOT NULL,
  `IsGL` tinyint(1) NOT NULL,
  `HeadType` char(1) COLLATE utf8_unicode_ci NOT NULL,
  `IsBudget` tinyint(1) NOT NULL,
  `IsDepreciation` tinyint(1) NOT NULL,
  `customer_id` int(11) DEFAULT NULL,
  `supplier_id` int(11) DEFAULT NULL,
  `DepreciationRate` decimal(18,2) NOT NULL,
  `CreateBy` varchar(50) COLLATE utf8_unicode_ci NOT NULL,
  `CreateDate` datetime NOT NULL,
  `UpdateBy` varchar(50) COLLATE utf8_unicode_ci NOT NULL,
  `UpdateDate` datetime NOT NULL
) ENGINE=InnoDB DEFAULT CHARSET=utf8 COLLATE=utf8_unicode_ci;

--
-- Dumping data for table `acc_coa`
--

INSERT INTO `acc_coa` (`HeadCode`, `HeadName`, `PHeadName`, `HeadLevel`, `IsActive`, `IsTransaction`, `IsGL`, `HeadType`, `IsBudget`, `IsDepreciation`, `customer_id`, `supplier_id`, `DepreciationRate`, `CreateBy`, `CreateDate`, `UpdateBy`, `UpdateDate`) VALUES
('102030000001', '1-Next Tech Vet', 'Customer Receivable', 4, 1, 1, 0, 'A', 0, 0, 1, NULL, '0.00', '1', '2021-03-27 18:56:30', '', '0000-00-00 00:00:00'),
('102030000003', '16-James Wingi', 'Customer Receivable', 4, 1, 1, 0, 'A', 0, 0, 16, NULL, '0.00', '1', '2021-03-27 14:54:37', '', '0000-00-00 00:00:00'),
('102030000002', '17-Allan Namu', 'Customer Receivable', 4, 1, 1, 0, 'A', 0, 0, 17, NULL, '0.00', '1', '2021-03-27 14:56:26', '', '0000-00-00 00:00:00');

-- --------------------------------------------------------

--
-- Table structure for table `acc_transaction`
--

CREATE TABLE `acc_transaction` (
  `ID` int(11) NOT NULL,
  `VNo` varchar(50) COLLATE utf8_unicode_ci DEFAULT NULL,
  `Vtype` varchar(50) COLLATE utf8_unicode_ci DEFAULT NULL,
  `VDate` date DEFAULT NULL,
  `COAID` varchar(50) COLLATE utf8_unicode_ci NOT NULL,
  `Narration` text COLLATE utf8_unicode_ci DEFAULT NULL,
  `Debit` decimal(18,2) DEFAULT NULL,
  `Credit` decimal(18,2) DEFAULT NULL,
  `IsPosted` char(10) COLLATE utf8_unicode_ci DEFAULT NULL,
  `CreateBy` varchar(50) COLLATE utf8_unicode_ci DEFAULT NULL,
  `CreateDate` datetime DEFAULT NULL,
  `UpdateBy` varchar(50) COLLATE utf8_unicode_ci DEFAULT NULL,
  `UpdateDate` datetime DEFAULT NULL,
  `IsAppove` char(10) COLLATE utf8_unicode_ci DEFAULT NULL
) ENGINE=InnoDB DEFAULT CHARSET=utf8 COLLATE=utf8_unicode_ci;

--
-- Dumping data for table `acc_transaction`
--

INSERT INTO `acc_transaction` (`ID`, `VNo`, `Vtype`, `VDate`, `COAID`, `Narration`, `Debit`, `Credit`, `IsPosted`, `CreateBy`, `CreateDate`, `UpdateBy`, `UpdateDate`, `IsAppove`) VALUES
(206, 'C1JY8MGQS3', 'Credit', '2021-03-27', '102030000002', 'Customer Milk Collection - C1JY8MGQS3', '300.00', '0.00', '1', '1', '2021-03-27 15:24:00', NULL, NULL, '1'),
(207, '2RV1M22F37', 'Advance', '2021-03-27', '102030000002', 'Customer Advance For  Allan Namu', '0.00', '100.00', '1', '1', '2021-03-27 15:45:03', NULL, NULL, '1'),
(208, '2RV1M22F37', 'Advance', '2021-03-27', '1020101', 'Cash in Hand  For Allan Namu Advance', '0.00', '100.00', '1', '1', '2021-03-27 15:45:03', NULL, NULL, '1'),
(209, '4PGAOBXHIX', 'Advance', '2021-03-27', '102030000002', 'Customer Advance For  Allan Namu', '100.00', '0.00', '1', '1', '2021-03-27 15:46:48', NULL, NULL, '1'),
(210, '4PGAOBXHIX', 'Advance', '2021-03-27', '1020101', 'Cash in Hand  For Allan Namu Advance', '100.00', '0.00', '1', '1', '2021-03-27 15:46:48', NULL, NULL, '1'),
(211, '8M8QGYS9L6', 'Credit', '2021-03-27', '102030000001', 'Assigned Dr. Vet Semen units 8M8QGYS9L6', '12000.00', '0.00', '1', '1', '2021-03-27 23:30:52', NULL, NULL, '1'),
(212, 'SESP57YR2K', 'Credit', '2021-03-28', '102030000002', 'Treated Cow and insemination SESP57YR2K', '0.00', '4800.00', '1', '1', '2021-03-28 01:05:11', NULL, NULL, '1'),
(213, 'OWNJGK1VF6', 'Debit', '2021-03-28', '102030000001', 'Add raw material to production OWNJGK1VF6', '1200.00', '0.00', '1', '1', '2021-03-28 06:00:09', NULL, NULL, '1'),
(214, '746OXWK7N8', 'Credit', '2021-03-28', '102030000003', 'Customer Milk Collection - 746OXWK7N8', '600.00', '0.00', '1', '1', '2021-03-28 06:20:13', NULL, NULL, '1'),
(215, 'ZXYCPI9X91', 'Debit', '2021-03-28', '102030000001', 'Add raw material to production ZXYCPI9X91', '150.00', '0.00', '1', '1', '2021-03-28 06:21:53', NULL, NULL, '1'),
(220, 'W4XKEQIBRY', 'Credit', '2021-03-28', '102030000002', 'Sell Product to Farmer W4XKEQIBRY', '0.00', '1500.00', '1', '1', '2021-03-28 07:39:36', NULL, NULL, '1');

-- --------------------------------------------------------

--
-- Table structure for table `app_setting`
--

CREATE TABLE `app_setting` (
  `id` int(11) NOT NULL,
  `localhserver` varchar(250) DEFAULT NULL,
  `onlineserver` varchar(250) DEFAULT NULL,
  `hotspot` varchar(250) DEFAULT NULL
) ENGINE=InnoDB DEFAULT CHARSET=utf8;

--
-- Dumping data for table `app_setting`
--

INSERT INTO `app_setting` (`id`, `localhserver`, `onlineserver`, `hotspot`) VALUES
(1, 'http://localhost:8080/sa', '', '');

-- --------------------------------------------------------

--
-- Table structure for table `attendance`
--

CREATE TABLE `attendance` (
  `att_id` int(11) NOT NULL,
  `employee_id` int(11) NOT NULL,
  `date` date NOT NULL,
  `sign_in` varchar(30) NOT NULL,
  `sign_out` varchar(30) NOT NULL,
  `staytime` varchar(30) NOT NULL
) ENGINE=InnoDB DEFAULT CHARSET=utf8;

-- --------------------------------------------------------

--
-- Table structure for table `bank_add`
--

CREATE TABLE `bank_add` (
  `id` int(11) NOT NULL,
  `bank_id` varchar(255) NOT NULL,
  `bank_name` varchar(255) NOT NULL,
  `ac_name` varchar(250) DEFAULT NULL,
  `ac_number` varchar(250) DEFAULT NULL,
  `branch` varchar(250) DEFAULT NULL,
  `signature_pic` varchar(250) DEFAULT NULL,
  `status` int(11) DEFAULT NULL
) ENGINE=InnoDB DEFAULT CHARSET=utf8;

-- --------------------------------------------------------

--
-- Table structure for table `bookings`
--

CREATE TABLE `bookings` (
  `id` int(11) NOT NULL,
  `vet_id` int(11) NOT NULL,
  `farmer_id` int(11) NOT NULL,
  `date` date NOT NULL,
  `status` enum('Cancelled','Pending','Done') NOT NULL DEFAULT 'Pending',
  `semen_used` int(5) NOT NULL DEFAULT 0,
  `charges` double NOT NULL DEFAULT 0
) ENGINE=InnoDB DEFAULT CHARSET=utf8mb4;

--
-- Dumping data for table `bookings`
--

INSERT INTO `bookings` (`id`, `vet_id`, `farmer_id`, `date`, `status`, `semen_used`, `charges`) VALUES
(6, 5, 17, '2021-03-28', 'Done', 12, 3000);

-- --------------------------------------------------------

--
-- Table structure for table `breeds`
--

CREATE TABLE `breeds` (
  `id` int(11) NOT NULL,
  `name` varchar(255) NOT NULL
) ENGINE=InnoDB DEFAULT CHARSET=utf8mb4;

--
-- Dumping data for table `breeds`
--

INSERT INTO `breeds` (`id`, `name`) VALUES
(2, 'Asian'),
(3, 'Freshian'),
(6, 'New Breed');

-- --------------------------------------------------------

--
-- Table structure for table `collections`
--

CREATE TABLE `collections` (
  `id` int(11) NOT NULL,
  `farmer_id` int(11) NOT NULL,
  `route_id` int(11) NOT NULL,
  `volume` double NOT NULL DEFAULT 0,
  `period` enum('Morning','Evening') NOT NULL,
  `buying_price` double NOT NULL DEFAULT 0,
  `selling_price` double NOT NULL DEFAULT 0,
  `collection_time` datetime NOT NULL DEFAULT current_timestamp()
) ENGINE=InnoDB DEFAULT CHARSET=utf8mb4;

--
-- Dumping data for table `collections`
--

INSERT INTO `collections` (`id`, `farmer_id`, `route_id`, `volume`, `period`, `buying_price`, `selling_price`, `collection_time`) VALUES
(3, 17, 1, 10, 'Morning', 30, 35, '2021-03-27 16:24:00'),
(4, 16, 2, 20, 'Morning', 30, 35, '2021-03-28 07:20:12');

-- --------------------------------------------------------

--
-- Table structure for table `company_information`
--

CREATE TABLE `company_information` (
  `company_id` varchar(250) NOT NULL,
  `company_name` varchar(50) NOT NULL,
  `email` varchar(50) NOT NULL,
  `address` text NOT NULL,
  `mobile` varchar(50) NOT NULL,
  `website` varchar(50) NOT NULL,
  `status` int(11) NOT NULL
) ENGINE=InnoDB DEFAULT CHARSET=utf8;

--
-- Dumping data for table `company_information`
--

INSERT INTO `company_information` (`company_id`, `company_name`, `email`, `address`, `mobile`, `website`, `status`) VALUES
('1', 'Nexttech ', 'kihashkevo@gmail.com', 'Kiambu', '0757589568', 'http://localhost.com', 1);

-- --------------------------------------------------------

--
-- Table structure for table `cows`
--

CREATE TABLE `cows` (
  `id` int(11) NOT NULL,
  `breed_id` int(11) NOT NULL,
  `age` int(3) NOT NULL,
  `route_id` int(11) NOT NULL,
  `supplier_id` int(11) NOT NULL,
  `production` varchar(255) NOT NULL
) ENGINE=InnoDB DEFAULT CHARSET=utf8mb4;

--
-- Dumping data for table `cows`
--

INSERT INTO `cows` (`id`, `breed_id`, `age`, `route_id`, `supplier_id`, `production`) VALUES
(1, 2, 10, 2, 16, 'Good'),
(2, 3, 13, 1, 17, 'Normal'),
(3, 6, 12, 3, 16, '100ltrs'),
(4, 3, 13, 3, 17, '20ltrs');

-- --------------------------------------------------------

--
-- Table structure for table `currency_tbl`
--

CREATE TABLE `currency_tbl` (
  `id` int(11) NOT NULL,
  `currency_name` varchar(50) NOT NULL,
  `icon` text NOT NULL
) ENGINE=InnoDB DEFAULT CHARSET=utf8;

--
-- Dumping data for table `currency_tbl`
--

INSERT INTO `currency_tbl` (`id`, `currency_name`, `icon`) VALUES
(1, 'Dollar', '$'),
(2, 'Shilling', 'KES');

-- --------------------------------------------------------

--
-- Table structure for table `customer_information`
--

CREATE TABLE `customer_information` (
  `customer_id` int(11) NOT NULL,
  `customer_name` varchar(255) DEFAULT NULL,
  `customer_address` varchar(255) NOT NULL,
  `address2` text NOT NULL,
  `customer_mobile` varchar(100) NOT NULL,
  `customer_email` varchar(100) DEFAULT NULL,
  `email_address` varchar(200) DEFAULT NULL,
  `contact` varchar(100) DEFAULT NULL,
  `route_id` int(11) NOT NULL DEFAULT 1,
  `phone` varchar(50) DEFAULT NULL,
  `fax` varchar(100) DEFAULT NULL,
  `city` text DEFAULT NULL,
  `state` text DEFAULT NULL,
  `zip` varchar(50) DEFAULT NULL,
  `country` varchar(250) DEFAULT NULL,
  `status` int(11) NOT NULL COMMENT '1=paid,2=credit',
  `bank_account` varchar(20) DEFAULT NULL,
  `customer_type` varchar(50) DEFAULT NULL,
  `create_date` timestamp NOT NULL DEFAULT current_timestamp(),
  `create_by` varchar(30) DEFAULT NULL
) ENGINE=MyISAM DEFAULT CHARSET=utf8;

--
-- Dumping data for table `customer_information`
--

INSERT INTO `customer_information` (`customer_id`, `customer_name`, `customer_address`, `address2`, `customer_mobile`, `customer_email`, `email_address`, `contact`, `route_id`, `phone`, `fax`, `city`, `state`, `zip`, `country`, `status`, `bank_account`, `customer_type`, `create_date`, `create_by`) VALUES
(1, 'Next Tech Vet', '', '', '', 'nxtvet@gmail.com', NULL, '', 1, '', '', NULL, '', NULL, NULL, 2, '', NULL, '2021-03-27 16:56:29', NULL),
(16, 'James Wingi', 'Nairobi', '', '12345678', 'jw@gmail.com', NULL, '1109', 1, '0712345678', 'A1234567891Z', NULL, 'Uthiru', NULL, NULL, 2, '1134567864', 'Weekly', '2021-03-27 12:54:37', NULL),
(17, 'Allan Namu', 'Nakuru', '', '22334455', 'allannamu@gmail.com', NULL, '10078', 2, '0722334455', 'W2345678086Q', NULL, 'Milimani', NULL, NULL, 2, '44556677889', 'Weekly', '2021-03-27 12:56:26', NULL);

-- --------------------------------------------------------

--
-- Table structure for table `daily_banking_add`
--

CREATE TABLE `daily_banking_add` (
  `banking_id` varchar(255) NOT NULL,
  `date` datetime DEFAULT NULL,
  `bank_id` varchar(100) DEFAULT NULL,
  `deposit_type` varchar(255) DEFAULT NULL,
  `transaction_type` varchar(255) DEFAULT NULL,
  `description` text DEFAULT NULL,
  `amount` int(11) DEFAULT NULL,
  `status` int(11) DEFAULT NULL
) ENGINE=InnoDB DEFAULT CHARSET=utf8;

-- --------------------------------------------------------

--
-- Table structure for table `daily_closing`
--

CREATE TABLE `daily_closing` (
  `closing_id` varchar(255) NOT NULL,
  `last_day_closing` float NOT NULL,
  `cash_in` float NOT NULL,
  `cash_out` float NOT NULL,
  `date` varchar(250) NOT NULL,
  `amount` float NOT NULL,
  `adjustment` float DEFAULT NULL,
  `status` int(11) NOT NULL
) ENGINE=InnoDB DEFAULT CHARSET=utf8;

-- --------------------------------------------------------

--
-- Table structure for table `designation`
--

CREATE TABLE `designation` (
  `id` int(11) NOT NULL,
  `designation` varchar(150) NOT NULL,
  `details` text NOT NULL
) ENGINE=InnoDB DEFAULT CHARSET=utf8;

-- --------------------------------------------------------

--
-- Table structure for table `diseases`
--

CREATE TABLE `diseases` (
  `id` int(11) NOT NULL,
  `name` varchar(255) NOT NULL
) ENGINE=InnoDB DEFAULT CHARSET=utf8mb4;

--
-- Dumping data for table `diseases`
--

INSERT INTO `diseases` (`id`, `name`) VALUES
(1, 'Sickle Cell Anaemia'),
(2, 'Heart Failure'),
(3, 'Blood Cloting'),
(4, 'New Diseases');

-- --------------------------------------------------------

--
-- Table structure for table `email_config`
--

CREATE TABLE `email_config` (
  `id` int(11) NOT NULL,
  `protocol` text NOT NULL,
  `smtp_host` text NOT NULL,
  `smtp_port` text NOT NULL,
  `smtp_user` varchar(35) NOT NULL,
  `smtp_pass` varchar(35) NOT NULL,
  `mailtype` varchar(30) DEFAULT NULL,
  `isinvoice` tinyint(4) NOT NULL,
  `isservice` tinyint(4) NOT NULL,
  `isquotation` tinyint(4) NOT NULL
) ENGINE=InnoDB DEFAULT CHARSET=utf8;

--
-- Dumping data for table `email_config`
--

INSERT INTO `email_config` (`id`, `protocol`, `smtp_host`, `smtp_port`, `smtp_user`, `smtp_pass`, `mailtype`, `isinvoice`, `isservice`, `isquotation`) VALUES
(1, 'smtp', 'smtp.gmail.com', '465', 'kihashkevo@gmail.com', 'ciciliakambe', 'html', 1, 1, 1);

-- --------------------------------------------------------

--
-- Table structure for table `employee_history`
--

CREATE TABLE `employee_history` (
  `id` int(11) NOT NULL,
  `first_name` varchar(50) NOT NULL,
  `last_name` varchar(50) NOT NULL,
  `designation` varchar(100) NOT NULL,
  `phone` varchar(50) NOT NULL,
  `rate_type` int(11) NOT NULL,
  `hrate` float NOT NULL,
  `email` varchar(50) NOT NULL,
  `blood_group` varchar(10) NOT NULL,
  `address_line_1` text NOT NULL,
  `address_line_2` text NOT NULL,
  `image` text DEFAULT NULL,
  `country` varchar(50) NOT NULL,
  `city` varchar(50) NOT NULL,
  `zip` varchar(50) NOT NULL
) ENGINE=InnoDB DEFAULT CHARSET=utf8;

--
-- Dumping data for table `employee_history`
--

INSERT INTO `employee_history` (`id`, `first_name`, `last_name`, `designation`, `phone`, `rate_type`, `hrate`, `email`, `blood_group`, `address_line_1`, `address_line_2`, `image`, `country`, `city`, `zip`) VALUES
(1, 'Clarisse', 'Wambui', '1', '0700000874', 2, 80000, 'cwambui@mofarm.co.ke', '', 'N/A', '', '', 'Kenya', 'Nairobi - Kenya', '00200'),
(2, 'Elijah ', 'Kamau', '2', '0722263781', 2, 500000, '', '', '', '', '', '', '', ''),
(3, 'Ann', 'Muthoni', '4', '0715432322', 2, 70000, 'annmuthoni570@gmail.com', '', '', '', '', 'Kenya', 'Nairobi', ''),
(4, 'Ann', 'Muthoni', '4', '0715432322', 2, 70000, 'annmuthoni570@gmail.com', '', '', '', '', 'Kenya', 'Nairobi', ''),
(5, 'Emily', 'Gitonga', '5', '714545452', 2, 100000, 'Emily@gmail.com', '', '', '', '', 'Kenya', '', ''),
(6, 'Kamau', 'Mo Farm', '3', '07546629842', 2, 80000, 'kamau@gmail.com', '', '55137 - 00200', '', '', 'Kenya', 'Nairobi - Kenya', '00200');

-- --------------------------------------------------------

--
-- Table structure for table `employee_salary_payment`
--

CREATE TABLE `employee_salary_payment` (
  `emp_sal_pay_id` int(11) NOT NULL,
  `generate_id` int(11) NOT NULL,
  `employee_id` varchar(50) CHARACTER SET latin1 NOT NULL,
  `total_salary` decimal(18,2) NOT NULL DEFAULT 0.00,
  `total_working_minutes` varchar(50) CHARACTER SET latin1 NOT NULL,
  `working_period` varchar(50) CHARACTER SET latin1 NOT NULL,
  `payment_due` varchar(50) CHARACTER SET latin1 NOT NULL,
  `payment_date` varchar(50) CHARACTER SET latin1 NOT NULL,
  `paid_by` varchar(50) CHARACTER SET latin1 NOT NULL,
  `salary_month` varchar(70) DEFAULT NULL
) ENGINE=InnoDB DEFAULT CHARSET=utf8;

--
-- Dumping data for table `employee_salary_payment`
--

INSERT INTO `employee_salary_payment` (`emp_sal_pay_id`, `generate_id`, `employee_id`, `total_salary`, `total_working_minutes`, `working_period`, `payment_due`, `payment_date`, `paid_by`, `salary_month`) VALUES
(1, 1, '1', '80000.00', '0', '0', 'paid', '2020-08-12', 'Mo  Farm', 'August 2020'),
(2, 2, '1', '80000.00', '0', '0', '', '', '', 'September 2020'),
(3, 2, '5', '80500.00', '0', '0', 'paid', '2020-08-12', 'Mo  Farm', 'September 2020'),
(4, 3, '1', '80000.00', '0', '0', '', '', '', 'October 2020'),
(5, 3, '5', '80500.00', '0', '0', '', '', '', 'October 2020'),
(6, 3, '6', '71152.00', '0', '0', 'paid', '2020-08-17', 'Mo  Farm', 'October 2020');

-- --------------------------------------------------------

--
-- Table structure for table `employee_salary_setup`
--

CREATE TABLE `employee_salary_setup` (
  `e_s_s_id` int(10) UNSIGNED NOT NULL,
  `employee_id` varchar(30) CHARACTER SET latin1 NOT NULL,
  `sal_type` varchar(30) NOT NULL,
  `salary_type_id` varchar(30) CHARACTER SET latin1 NOT NULL,
  `amount` decimal(12,2) NOT NULL DEFAULT 0.00,
  `create_date` date DEFAULT NULL,
  `update_date` datetime(6) DEFAULT NULL,
  `update_id` varchar(30) CHARACTER SET latin1 NOT NULL,
  `gross_salary` float NOT NULL
) ENGINE=InnoDB DEFAULT CHARSET=utf8;

--
-- Dumping data for table `employee_salary_setup`
--

INSERT INTO `employee_salary_setup` (`e_s_s_id`, `employee_id`, `sal_type`, `salary_type_id`, `amount`, `create_date`, `update_date`, `update_id`, `gross_salary`) VALUES
(1, '1', '2', '1', '10.00', '2020-08-12', NULL, '', 80000),
(2, '1', '2', '2', '20.00', '2020-08-12', NULL, '', 80000),
(3, '5', '2', '1', '5.00', '2020-08-12', NULL, '', 80500),
(4, '5', '2', '2', '10.00', '2020-08-12', NULL, '', 80500),
(5, '5', '2', '3', '0.00', '2020-08-12', NULL, '', 80500),
(6, '5', '2', '4', '0.50', '2020-08-12', NULL, '', 80500),
(7, '5', '2', '5', '4.00', '2020-08-12', NULL, '', 80500),
(8, '5', '2', '6', '30.00', '2020-08-12', NULL, '', 80500),
(9, '6', '2', '1', '5.00', '2020-08-17', NULL, '', 71152),
(10, '6', '2', '2', '10.00', '2020-08-17', NULL, '', 71152),
(11, '6', '2', '3', '0.00', '2020-08-17', NULL, '', 71152),
(12, '6', '2', '4', '0.02', '2020-08-17', NULL, '', 71152),
(13, '6', '2', '5', '0.02', '2020-08-17', NULL, '', 71152),
(14, '6', '2', '6', '0.02', '2020-08-17', NULL, '', 71152),
(15, '6', '2', '7', '26.00', '2020-08-17', NULL, '', 71152);

-- --------------------------------------------------------

--
-- Table structure for table `expense`
--

CREATE TABLE `expense` (
  `id` int(11) NOT NULL,
  `date` date NOT NULL,
  `type` varchar(100) NOT NULL,
  `voucher_no` varchar(50) NOT NULL,
  `amount` float NOT NULL
) ENGINE=InnoDB DEFAULT CHARSET=utf8;

--
-- Dumping data for table `expense`
--

INSERT INTO `expense` (`id`, `date`, `type`, `voucher_no`, `amount`) VALUES
(1, '2020-08-12', 'Cartons', '20200812041323', 1000),
(2, '2020-08-12', 'Crates', '20200812053009', 7200000);

-- --------------------------------------------------------

--
-- Table structure for table `expense_item`
--

CREATE TABLE `expense_item` (
  `id` int(11) NOT NULL,
  `expense_item_name` varchar(200) NOT NULL
) ENGINE=InnoDB DEFAULT CHARSET=utf8;

--
-- Dumping data for table `expense_item`
--

INSERT INTO `expense_item` (`id`, `expense_item_name`) VALUES
(1, 'Cartons'),
(2, 'Palletes'),
(3, 'Crates'),
(4, 'Palletes');

-- --------------------------------------------------------

--
-- Table structure for table `invoice`
--

CREATE TABLE `invoice` (
  `id` int(11) NOT NULL,
  `invoice_id` bigint(20) NOT NULL,
  `customer_id` bigint(20) NOT NULL,
  `date` varchar(50) DEFAULT NULL,
  `total_amount` decimal(18,2) NOT NULL DEFAULT 0.00,
  `prevous_due` decimal(20,2) NOT NULL DEFAULT 0.00,
  `shipping_cost` decimal(10,2) NOT NULL DEFAULT 0.00,
  `invoice` bigint(20) NOT NULL,
  `invoice_discount` decimal(10,2) DEFAULT 0.00 COMMENT 'invoice discount',
  `total_discount` decimal(10,2) DEFAULT 0.00 COMMENT 'total invoice discount',
  `total_tax` decimal(10,2) DEFAULT 0.00,
  `sales_by` varchar(50) NOT NULL,
  `invoice_details` text NOT NULL,
  `status` int(11) NOT NULL,
  `bank_id` varchar(30) DEFAULT NULL,
  `payment_type` int(11) NOT NULL
) ENGINE=MyISAM DEFAULT CHARSET=utf8;

--
-- Dumping data for table `invoice`
--

INSERT INTO `invoice` (`id`, `invoice_id`, `customer_id`, `date`, `total_amount`, `prevous_due`, `shipping_cost`, `invoice`, `invoice_discount`, `total_discount`, `total_tax`, `sales_by`, `invoice_details`, `status`, `bank_id`, `payment_type`) VALUES
(1, 3448475757, 4, '2020-08-11', '200000000.00', '0.00', '0.00', 1000, '0.00', '0.00', '0.00', '1', 'Thank you for shopping with us', 1, NULL, 1),
(2, 4774625818, 1, '2020-08-12', '200000.00', '0.00', '0.00', 1001, '0.00', '0.00', '0.00', '1', 'Thank you for shopping with us', 1, NULL, 1),
(3, 9934555513, 0, '2020-08-12', '1440000.00', '0.00', '0.00', 1002, '0.00', '0.00', '0.00', '1', 'Thank you for shopping with us', 1, NULL, 1),
(4, 4316985914, 0, '2020-08-12', '1440000.00', '0.00', '0.00', 1003, '0.00', '0.00', '0.00', '1', 'Thank you for shopping with us', 1, NULL, 1),
(5, 5289394423, 5, '2020-08-12', '1440000.00', '0.00', '0.00', 1004, '0.00', '0.00', '0.00', '1', 'Thank you for shopping with us', 1, NULL, 1),
(6, 4955416239, 0, '2020-08-12', '300000.00', '0.00', '0.00', 1005, '0.00', '0.00', '0.00', '1', 'Thank you for shopping with us', 1, NULL, 1),
(7, 7193232912, 5, '2020-08-12', '900000.00', '0.00', '0.00', 1006, '0.00', '0.00', '0.00', '1', 'Thank you for shopping with us', 1, NULL, 1),
(8, 4481368838, 0, '2020-08-13', '960000.00', '0.00', '0.00', 1007, '0.00', '0.00', '0.00', '1', 'Thank you for shopping with us', 1, NULL, 1),
(9, 8322889664, 6, '2020-08-13', '80000.00', '0.00', '0.00', 1008, '0.00', '0.00', '0.00', '1', 'Thank you for shopping with us', 1, NULL, 1),
(10, 3399842522, 5, '2020-08-13', '3940000.00', '0.00', '0.00', 1009, '0.00', '0.00', '0.00', '1', 'Thank you for shopping with us', 1, NULL, 1),
(11, 5245945138, 0, '2020-08-13', '15840000.00', '0.00', '0.00', 1010, '0.00', '0.00', '0.00', '1', 'Thank you for shopping with us', 1, 'UIACAOMYVM', 2),
(12, 8799364365, 0, '2020-08-13', '2880000.00', '0.00', '0.00', 1011, '0.00', '0.00', '0.00', '1', 'Thank you for shopping with us', 1, NULL, 1),
(13, 6241166159, 1, '2020-08-13', '2880000.00', '200000.00', '0.00', 1012, '0.00', '0.00', '0.00', '1', 'Thank you for shopping with us', 1, NULL, 1),
(14, 9872541527, 6, '2020-08-13', '120000000.00', '80000.00', '0.00', 1013, '0.00', '0.00', '0.00', '1', 'Thank you for shopping with us', 1, NULL, 1),
(15, 3752613857, 0, '2020-08-13', '2880000.00', '0.00', '0.00', 1014, '0.00', '0.00', '0.00', '1', 'Thank you for shopping with us', 1, NULL, 1),
(16, 7276739431, 0, '2020-08-13', '2880000.00', '0.00', '0.00', 1015, '0.00', '0.00', '0.00', '1', 'Thank you for shopping with us', 1, NULL, 1),
(17, 4772683262, 0, '2020-08-13', '4800000.00', '0.00', '0.00', 1016, '0.00', '0.00', '0.00', '1', 'Thank you for shopping with us', 1, NULL, 1),
(18, 4355843356, 0, '2020-08-13', '2880000.00', '0.00', '0.00', 1017, '0.00', '0.00', '0.00', '1', 'Thank you for shopping with us', 1, NULL, 1),
(19, 6149517258, 7, '2020-08-16', '81000.00', '0.00', '0.00', 1018, '0.00', '0.00', '0.00', '1', 'From Quotation', 1, NULL, 1),
(20, 6226797299, 5, '2020-08-16', '1440200.00', '-110000.00', '0.00', 1019, '0.00', '0.00', '0.00', '1', 'Thank you for shopping with us', 1, NULL, 1),
(21, 6593258729, 5, '2020-08-16', '2880000.00', '0.00', '0.00', 1020, '0.00', '0.00', '0.00', '1', 'Items Enquiry', 1, NULL, 1),
(22, 6132938343, 5, '2020-08-16', '2880000.00', '1440200.00', '0.00', 1021, '0.00', '0.00', '0.00', '1', 'Thank you for shopping with us', 1, NULL, 1),
(23, 5136861534, 8, '2020-08-16', '2880000.00', '0.00', '0.00', 1022, '0.00', '0.00', '0.00', '1', 'Thank you for shopping with us', 1, NULL, 1),
(24, 8811673828, 0, '2020-08-17', '2880000.00', '0.00', '0.00', 1023, '0.00', '0.00', '0.00', '1', 'Thank you for shopping with us', 1, NULL, 1),
(25, 3492357347, 9, '2020-08-17', '2880000.00', '0.00', '0.00', 1024, '0.00', '0.00', '0.00', '1', 'Thank you for shopping with us', 1, NULL, 1),
(26, 4965586782, 10, '2020-08-17', '1440000.00', '0.00', '0.00', 1025, '0.00', '0.00', '0.00', '1', 'Thank you for shopping with us', 1, NULL, 1),
(27, 3741819148, 0, '2020-08-17', '3461760.00', '0.00', '0.00', 1026, '0.00', '0.00', '581760.00', '1', 'Thank you for shopping with us', 1, NULL, 1),
(28, 1893514836, 11, '2020-08-17', '3461760.00', '0.00', '0.00', 1027, '0.00', '0.00', '581760.00', '1', 'Thank you for shopping with us', 1, NULL, 1),
(29, 6381852722, 12, '2020-08-17', '3461760.00', '0.00', '0.00', 1028, '0.00', '0.00', '581760.00', '1', 'Thank you for shopping with us', 1, 'UIACAOMYVM', 2),
(30, 6743592518, 13, '2020-08-18', '3183360.00', '0.00', '0.00', 1029, '0.00', '0.00', '543360.00', '1', 'Thank you for shopping with us', 1, 'TC2K464SN3', 2);

-- --------------------------------------------------------

--
-- Table structure for table `invoice_details`
--

CREATE TABLE `invoice_details` (
  `id` int(11) NOT NULL,
  `invoice_details_id` varchar(100) NOT NULL,
  `invoice_id` varchar(100) NOT NULL,
  `product_id` varchar(30) NOT NULL,
  `serial_no` varchar(30) DEFAULT NULL,
  `description` varchar(250) DEFAULT NULL,
  `quantity` decimal(10,2) DEFAULT NULL,
  `rate` decimal(10,2) DEFAULT NULL,
  `supplier_rate` float DEFAULT NULL,
  `total_price` decimal(12,2) DEFAULT NULL,
  `discount` decimal(10,2) DEFAULT NULL,
  `discount_per` varchar(15) DEFAULT NULL,
  `tax` decimal(10,2) DEFAULT NULL,
  `paid_amount` decimal(12,0) DEFAULT NULL,
  `due_amount` decimal(10,2) DEFAULT NULL,
  `status` int(11) NOT NULL
) ENGINE=MyISAM DEFAULT CHARSET=utf8;

--
-- Dumping data for table `invoice_details`
--

INSERT INTO `invoice_details` (`id`, `invoice_details_id`, `invoice_id`, `product_id`, `serial_no`, `description`, `quantity`, `rate`, `supplier_rate`, `total_price`, `discount`, `discount_per`, `tax`, `paid_amount`, `due_amount`, `status`) VALUES
(1, '634633476757327', '3448475757', '44944985', '12112121', '', '1000000.00', '200.00', 50, '200000000.00', '0.00', '', NULL, '0', '99999999.99', 1),
(2, '325111246196716', '4774625818', '44944985', '12112121', '', '1000.00', '200.00', 50, '200000.00', '0.00', '', NULL, '0', '200000.00', 1),
(3, '186885238766154', '9934555513', '44944985', '12112121', '', '2400.00', '600.00', 50, '1440000.00', '0.00', '', NULL, '1440000', '0.00', 1),
(4, '239711369749369', '4316985914', '21212121', '111111110', '', '2400.00', '600.00', 175, '1440000.00', '0.00', '', NULL, '1440000', '0.00', 1),
(5, '893458463468713', '5289394423', '44944985', '12112121', '', '2400.00', '600.00', 50, '1440000.00', '0.00', '', NULL, '1440000', '0.00', 1),
(6, '338374672898929', '4955416239', '64722227', NULL, '', '500.00', '600.00', 230, '300000.00', '0.00', '', NULL, '300000', '0.00', 1),
(7, '676234592854139', '7193232912', '44944985', '12112121', '', '1000.00', '600.00', 50, '600000.00', '0.00', '', NULL, '900000', '0.00', 1),
(8, '249639163192725', '7193232912', '64722227', NULL, '', '500.00', '600.00', 230, '300000.00', '0.00', '', NULL, '900000', '0.00', 1),
(9, '347383725925139', '4481368838', '44944985', NULL, NULL, '2400.00', '200.00', 50, '480000.00', '0.00', '', NULL, '960000', '0.00', 1),
(10, '215286846635855', '4481368838', '81345531', NULL, NULL, '2400.00', '200.00', 10, '480000.00', '0.00', '', NULL, '960000', '0.00', 1),
(11, '894426567965827', '8322889664', '44944985', NULL, NULL, '100.00', '600.00', 50, '60000.00', '0.00', '', NULL, '0', '80000.00', 1),
(12, '732656671489322', '8322889664', '81345531', NULL, NULL, '100.00', '200.00', 10, '20000.00', '0.00', '', NULL, '0', '80000.00', 1),
(13, '793822638511322', '3399842522', '44944985', NULL, NULL, '2400.00', '600.00', 140, '1440000.00', '0.00', '', NULL, '3940000', '0.00', 1),
(14, '899821871314762', '3399842522', '24631788', NULL, NULL, '5000.00', '500.00', 100, '2500000.00', '0.00', '', NULL, '3940000', '0.00', 1),
(15, '892391464179542', '5245945138', '21212121', NULL, '4 KG boxes', '2400.00', '600.00', 175, '1440000.00', '0.00', '', NULL, '15840000', '0.00', 1),
(16, '689941248399927', '5245945138', '21212121', NULL, '10 KG boxes ', '24000.00', '600.00', 175, '14400000.00', '0.00', '', NULL, '15840000', '0.00', 1),
(17, '661548559761357', '8799364365', '21212121', NULL, '4Kg Boxes', '2400.00', '600.00', 175, '1440000.00', '0.00', '', NULL, '0', '2880000.00', 1),
(18, '432822853834593', '8799364365', '21212121', NULL, '10Kg', '2400.00', '600.00', 175, '1440000.00', '0.00', '', NULL, '0', '2880000.00', 1),
(19, '527549971484794', '6241166159', '21212121', NULL, '4Kg', '2400.00', '600.00', 175, '1440000.00', '0.00', '', NULL, '0', '3080000.00', 1),
(20, '122853116947993', '6241166159', '21212121', NULL, '10KG', '2400.00', '600.00', 175, '1440000.00', '0.00', '', NULL, '0', '3080000.00', 1),
(21, '582948845722575', '9872541527', '44944985', NULL, '', '100000.00', '600.00', 170, '60000000.00', '0.00', '', NULL, '120080000', '0.00', 1),
(22, '956533981874545', '9872541527', '21212121', NULL, '', '100000.00', '600.00', 175, '60000000.00', '0.00', '', NULL, '120080000', '0.00', 1),
(23, '828538294479549', '3752613857', '44944985', NULL, '10KG', '2400.00', '600.00', 170, '1440000.00', '0.00', '', '0.00', '2880000', '0.00', 1),
(24, '611312774272169', '3752613857', '21212121', NULL, '', '2400.00', '600.00', 175, '1440000.00', '0.00', '', '0.00', '2880000', '0.00', 1),
(25, '542782374455617', '7276739431', '44944985', '12112121', '10KG', '2400.00', '600.00', 170, '1440000.00', '0.00', '', '0.00', '2880000', '0.00', 1),
(26, '128763936397343', '7276739431', '21212121', '111111110', '4KG', '2400.00', '600.00', 175, '1440000.00', '0.00', '', '0.00', '2880000', '0.00', 1),
(27, '996362574398472', '4772683262', '21212121', NULL, '4KG', '5000.00', '600.00', 175, '3000000.00', '0.00', '', '0.00', '4800000', '0.00', 1),
(28, '196446423776442', '4772683262', '21212121', NULL, '10KG', '3000.00', '600.00', 175, '1800000.00', '0.00', '', '0.00', '4800000', '0.00', 1),
(29, '554237865819132', '4355843356', '64722227', NULL, NULL, '2400.00', '600.00', 230, '1440000.00', '0.00', '', '0.00', '2880000', '0.00', 1),
(30, '463476666623924', '4355843356', '44944985', NULL, NULL, '2400.00', '600.00', 170, '1440000.00', '0.00', '', '0.00', '2880000', '0.00', 1),
(31, '834624866877933', '6149517258', '21212121', '111111110', '', '100.00', '600.00', 50, '60000.00', '0.00', '', '0.00', '81000', '0.00', 1),
(32, '618672725726754', '6149517258', '81345531', '110110110', '', '80.00', '200.00', 50, '16000.00', '0.00', '', '0.00', '81000', '0.00', 1),
(33, '321219878389483', '6149517258', '24631788', NULL, '', '10.00', '500.00', 100, '5000.00', '0.00', '', '0.00', '81000', '0.00', 1),
(34, '549133889691249', '6226797299', '21212121', '111111110', '10KG', '2400.00', '600.00', 175, '1440000.00', '0.00', '', '0.00', '0', '1440200.00', 1),
(35, '773111337275715', '6226797299', '81345531', NULL, '10Kg', '1.00', '200.00', 10, '200.00', '0.00', '', '0.00', '0', '1440200.00', 1),
(36, '367827156183658', '6593258729', '21212121', '111111110', '4KG Boxes', '2400.00', '600.00', 230, '1440000.00', '0.00', '', '0.00', '2880000', '0.00', 1),
(37, '617296964662552', '6593258729', '64722227', NULL, '10KG Boxes', '2400.00', '600.00', 230, '1440000.00', '0.00', '', '0.00', '2880000', '0.00', 1),
(38, '116646995663936', '6593258729', '', NULL, '', '1.00', '0.00', 0, '0.00', '0.00', '', '0.00', '2880000', '0.00', 1),
(39, '972356619254967', '6132938343', '64722227', NULL, '10 KG Boxes', '2400.00', '600.00', 230, '1440000.00', '0.00', '', '0.00', '0', '4320200.00', 1),
(40, '894893894438574', '6132938343', '44944985', NULL, '4KG Boxes', '2400.00', '600.00', 185, '1440000.00', '0.00', '', '0.00', '0', '4320200.00', 1),
(41, '269428329265653', '5136861534', '21212121', NULL, '4KG Boxes', '2400.00', '600.00', 186, '1440000.00', '0.00', '', '0.00', '2880000', '0.00', 1),
(42, '259149824846872', '5136861534', '64722227', NULL, '10KG Boxes', '2400.00', '600.00', 230, '1440000.00', '0.00', '', '0.00', '2880000', '0.00', 1),
(43, '342331677353923', '8811673828', '21212121', '111111110', '4KG Boxes', '2400.00', '600.00', 186, '1440000.00', '0.00', '', '0.00', '100000', '2780000.00', 1),
(44, '559117146565925', '8811673828', '21212121', NULL, '10KG', '2400.00', '600.00', 186, '1440000.00', '0.00', '', '0.00', '100000', '2780000.00', 1),
(45, '217488796646694', '3492357347', '21212121', NULL, '4KG Boxes', '2400.00', '600.00', 186, '1440000.00', '0.00', '', '0.00', '100000', '2780000.00', 1),
(46, '989967925438145', '3492357347', '64722227', NULL, '10KG Boxes', '2400.00', '600.00', 230, '1440000.00', '0.00', '', '0.00', '100000', '2780000.00', 1),
(47, '244792913399588', '4965586782', '21212121', NULL, '4KG Boxes', '2400.00', '600.00', 186, '1440000.00', '0.00', '', '0.00', '0', '1440000.00', 1),
(48, '142546995885547', '3741819148', '21212121', NULL, '4KG Boxes', '2400.00', '600.00', 193.333, '1440000.00', '0.00', '', '230400.00', '1500000', '1961760.00', 1),
(49, '786497313137485', '3741819148', '21212121', NULL, '10KG Boxes', '2400.00', '600.00', 193.333, '1440000.00', '0.00', '', '60480.00', '1500000', '1961760.00', 1),
(50, '517214725132924', '1893514836', '21212121', NULL, '4KG Boxes', '2400.00', '600.00', 193.333, '1440000.00', '0.00', '', '230400.00', '0', '3461760.00', 1),
(51, '862991573736962', '1893514836', '64722227', NULL, '10KG ', '2400.00', '600.00', 230, '1440000.00', '0.00', '', '60480.00', '0', '3461760.00', 1),
(52, '568719427659723', '6381852722', '21212121', NULL, '4KG Boxes', '2400.00', '600.00', 193.333, '1440000.00', '0.00', '', '230400.00', '0', '3461760.00', 1),
(53, '311821117954694', '6381852722', '64722227', NULL, '10KG Boxes', '2400.00', '600.00', 230, '1440000.00', '0.00', '', '60480.00', '0', '3461760.00', 1),
(54, '568374224253894', '6743592518', '21212121', '111111110', '10KG', '2400.00', '600.00', 213.75, '1440000.00', '0.00', '', '230400.00', '0', '3183360.00', 1),
(55, '586926983395121', '6743592518', '24631788', NULL, '4KG', '2400.00', '500.00', 100, '1200000.00', '0.00', '', '60480.00', '0', '3183360.00', 1);

-- --------------------------------------------------------

--
-- Table structure for table `keys`
--

CREATE TABLE `keys` (
  `id` int(11) NOT NULL,
  `key` varchar(40) NOT NULL,
  `level` int(11) NOT NULL,
  `ignore_limits` tinyint(1) NOT NULL DEFAULT 0,
  `is_private_key` tinyint(1) NOT NULL DEFAULT 0,
  `ip_addresses` text DEFAULT NULL,
  `date_created` int(11) NOT NULL
) ENGINE=InnoDB DEFAULT CHARSET=utf8mb4;

-- --------------------------------------------------------

--
-- Table structure for table `language`
--

CREATE TABLE `language` (
  `id` int(10) UNSIGNED NOT NULL,
  `phrase` text NOT NULL,
  `english` text DEFAULT NULL,
  `bangla` text DEFAULT NULL
) ENGINE=InnoDB DEFAULT CHARSET=utf8;

--
-- Dumping data for table `language`
--

INSERT INTO `language` (`id`, `phrase`, `english`, `bangla`) VALUES
(1, 'user_profile', 'User Profile', NULL),
(2, 'setting', 'Setting', NULL),
(3, 'language', 'Language', NULL),
(4, 'manage_users', 'Manage Users', NULL),
(5, 'add_user', 'Add User', NULL),
(6, 'manage_company', 'Manage Company', NULL),
(7, 'web_settings', 'Software Settings', NULL),
(8, 'manage_accounts', 'Manage Accounts', NULL),
(9, 'create_accounts', 'Create Account', NULL),
(10, 'manage_bank', 'Manage Bank', NULL),
(11, 'add_new_bank', 'Add New Bank', NULL),
(12, 'settings', 'Settings', NULL),
(13, 'closing_report', 'Closing Report', NULL),
(14, 'closing', 'Closing', NULL),
(15, 'cheque_manager', 'Cheque Manager', NULL),
(16, 'accounts_summary', 'Accounts Summary', NULL),
(17, 'expense', 'Expense', NULL),
(18, 'income', 'Income', NULL),
(19, 'accounts', 'Accounts', NULL),
(20, 'stock_report', 'Stock Report', NULL),
(21, 'stock', 'Stock', NULL),
(22, 'pos_invoice', 'POS Sale', NULL),
(23, 'manage_invoice', 'Manage Sale', NULL),
(24, 'new_invoice', 'New Sale', NULL),
(25, 'invoice', 'Sale', NULL),
(26, 'manage_purchase', 'Manage Purchase', NULL),
(27, 'add_purchase', 'Add Purchase', NULL),
(28, 'purchase', 'Purchase', NULL),
(29, 'paid_customer', 'Paid Farmer', NULL),
(30, 'manage_customer', 'Manage Farmer', NULL),
(31, 'add_customer', 'Add Farmer', NULL),
(32, 'customer', 'Farmer', NULL),
(33, 'supplier_payment_actual', 'Farmer Payment Ledger', NULL),
(34, 'supplier_sales_summary', 'Farmer Sales Summary', NULL),
(35, 'supplier_sales_details', 'Farmer Sales Details', NULL),
(36, 'supplier_ledger', 'Farmer Ledger', NULL),
(37, 'manage_supplier', 'Manage Farmer->s', NULL),
(38, 'add_supplier', 'Add Farmer ->s', NULL),
(39, 'supplier', 'Farmer -> s', NULL),
(40, 'product_statement', 'Product Statement', NULL),
(41, 'manage_product', 'Manage Product', NULL),
(42, 'add_product', 'Add Product', NULL),
(43, 'product', 'Product', NULL),
(44, 'manage_category', 'Manage Category', NULL),
(45, 'add_category', 'Add Category', NULL),
(46, 'category', 'Category', NULL),
(47, 'sales_report_product_wise', 'Sales Report (Product Wise)', NULL),
(48, 'purchase_report', 'Purchase Report', NULL),
(49, 'sales_report', 'Sales Report', NULL),
(50, 'todays_report', 'Todays Report', NULL),
(51, 'report', 'Report', NULL),
(52, 'dashboard', 'Dashboard', NULL),
(53, 'online', 'Online', NULL),
(54, 'logout', 'Logout', NULL),
(55, 'change_password', 'Change Password', NULL),
(56, 'total_purchase', 'Total Purchase', NULL),
(57, 'total_amount', 'Total Amount', NULL),
(58, 'supplier_name', 'Farmer Name', NULL),
(59, 'invoice_no', 'Invoice No', NULL),
(60, 'purchase_date', 'Purchase Date', NULL),
(61, 'todays_purchase_report', 'Todays Purchase Report', NULL),
(62, 'total_sales', 'Total Sales', NULL),
(63, 'customer_name', 'Farmer Name', NULL),
(64, 'sales_date', 'Sales Date', NULL),
(65, 'todays_sales_report', 'Todays Sales Report', NULL),
(66, 'home', 'Home', NULL),
(67, 'todays_sales_and_purchase_report', 'Todays sales and purchase report', NULL),
(68, 'total_ammount', 'Total Amount', NULL),
(69, 'rate', 'Rate', NULL),
(70, 'product_model', 'Product Model', NULL),
(71, 'product_name', 'Product Name', NULL),
(72, 'search', 'Search', NULL),
(73, 'end_date', 'End Date', NULL),
(74, 'start_date', 'Start Date', NULL),
(75, 'total_purchase_report', 'Total Purchase Report', NULL),
(76, 'total_sales_report', 'Total Sales Report', NULL),
(77, 'total_seles', 'Total Sales', NULL),
(78, 'all_stock_report', 'All Stock Report', NULL),
(79, 'search_by_product', 'Search By Product', NULL),
(80, 'date', 'Date', NULL),
(81, 'print', 'Print', NULL),
(82, 'stock_date', 'Stock Date', NULL),
(83, 'print_date', 'Print Date', NULL),
(84, 'sales', 'Sales', NULL),
(85, 'price', 'Price', NULL),
(86, 'sl', 'SL.', NULL),
(87, 'add_new_category', 'Add new category', NULL),
(88, 'category_name', 'Category Name', NULL),
(89, 'save', 'Save', NULL),
(90, 'delete', 'Delete', NULL),
(91, 'update', 'Update', NULL),
(92, 'action', 'Action', NULL),
(93, 'manage_your_category', 'Manage your category ', NULL),
(94, 'category_edit', 'Category Edit', NULL),
(95, 'status', 'Status', NULL),
(96, 'active', 'Active', NULL),
(97, 'inactive', 'Inactive', NULL),
(98, 'save_changes', 'Save Changes', NULL),
(99, 'save_and_add_another', 'Save And Add Another', NULL),
(100, 'model', 'Model', NULL),
(101, 'supplier_price', 'Farmer Price', NULL),
(102, 'sell_price', 'Sale Price', NULL),
(103, 'image', 'Image', NULL),
(104, 'select_one', 'Select One', NULL),
(105, 'details', 'Details', NULL),
(106, 'new_product', 'New Product', NULL),
(107, 'add_new_product', 'Add new product', NULL),
(108, 'barcode', 'Barcode', NULL),
(109, 'qr_code', 'Qr-Code', NULL),
(110, 'product_details', 'Product Details', NULL),
(111, 'manage_your_product', 'Manage your product', NULL),
(112, 'product_edit', 'Product Edit', NULL),
(113, 'edit_your_product', 'Edit your product', NULL),
(114, 'cancel', 'Cancel', NULL),
(115, 'incl_vat', 'Incl. Vat', NULL),
(116, 'money', 'TOTAL', NULL),
(117, 'grand_total', 'Grand Total', NULL),
(118, 'quantity', 'Qnty', NULL),
(119, 'product_report', 'Product Report', NULL),
(120, 'product_sales_and_purchase_report', 'Product sales and purchase report', NULL),
(121, 'previous_stock', 'Previous Stock', NULL),
(122, 'out', 'Out', NULL),
(123, 'in', 'In', NULL),
(124, 'to', 'To', NULL),
(125, 'previous_balance', 'Previous Credit Balance', NULL),
(126, 'customer_address', 'Farmer Address', NULL),
(127, 'customer_mobile', 'ID No.', NULL),
(128, 'customer_email', 'Farmer Email', NULL),
(129, 'add_new_customer', 'Add new Farmer', NULL),
(130, 'balance', 'Balance', NULL),
(131, 'mobile', 'Mobile', NULL),
(132, 'address', 'County', NULL),
(133, 'manage_your_customer', 'Manage your Farmer', NULL),
(134, 'customer_edit', 'Farmer Edit', NULL),
(135, 'paid_customer_list', 'Paid Farmer List', NULL),
(136, 'ammount', 'Amount', NULL),
(137, 'customer_ledger', 'Farmer Ledger', NULL),
(138, 'manage_customer_ledger', 'Manage Farmer Ledger', NULL),
(139, 'customer_information', 'Farmer Information', NULL),
(140, 'debit_ammount', 'Debit Amount', NULL),
(141, 'credit_ammount', 'Credit Amount', NULL),
(142, 'balance_ammount', 'Balance Amount', NULL),
(143, 'receipt_no', 'Receipt NO', NULL),
(144, 'description', 'Description', NULL),
(145, 'debit', 'Debit', NULL),
(146, 'credit', 'Credit', NULL),
(147, 'item_information', 'Item Information', NULL),
(148, 'total', 'Total', NULL),
(149, 'please_select_supplier', 'Please Select Farmer', NULL),
(150, 'submit', 'Submit', NULL),
(151, 'submit_and_add_another', 'Submit And Add Another One', NULL),
(152, 'add_new_item', 'Add New Item', NULL),
(153, 'manage_your_purchase', 'Manage your purchase', NULL),
(154, 'purchase_edit', 'Purchase Edit', NULL),
(155, 'purchase_ledger', 'Purchase Ledger', NULL),
(156, 'invoice_information', 'Sale Information', NULL),
(157, 'paid_ammount', 'Paid Amount', NULL),
(158, 'discount', 'Dis./Pcs.', NULL),
(159, 'save_and_paid', 'Save And Paid', NULL),
(160, 'payee_name', 'Payee Name', NULL),
(161, 'manage_your_invoice', 'Manage your Sale', NULL),
(162, 'invoice_edit', 'Sale Edit', NULL),
(163, 'new_pos_invoice', 'New POS Sale', NULL),
(164, 'add_new_pos_invoice', 'Add new pos Sale', NULL),
(165, 'product_id', 'Product ID', NULL),
(166, 'paid_amount', 'Paid Amount', NULL),
(167, 'authorised_by', 'Authorised By', NULL),
(168, 'checked_by', 'Checked By', NULL),
(169, 'received_by', 'Received By', NULL),
(170, 'prepared_by', 'Prepared By', NULL),
(171, 'memo_no', 'Memo No', NULL),
(172, 'website', 'Website', NULL),
(173, 'email', 'Email', NULL),
(174, 'invoice_details', 'Sale Details', NULL),
(175, 'reset', 'Reset', NULL),
(176, 'payment_account', 'Payment Account', NULL),
(177, 'bank_name', 'Bank Name', NULL),
(178, 'cheque_or_pay_order_no', 'Cheque/Pay Order No', NULL),
(179, 'payment_type', 'Payment Type', NULL),
(180, 'payment_from', 'Payment From', NULL),
(181, 'payment_date', 'Payment Date', NULL),
(182, 'add_income', 'Add Income', NULL),
(183, 'cash', 'Cash', NULL),
(184, 'cheque', 'Cheque', NULL),
(185, 'pay_order', 'Pay Order', NULL),
(186, 'payment_to', 'Payment To', NULL),
(187, 'total_outflow_ammount', 'Total Expense Amount', NULL),
(188, 'transections', 'Transections', NULL),
(189, 'accounts_name', 'Accounts Name', NULL),
(190, 'outflow_report', 'Expense Report', NULL),
(191, 'inflow_report', 'Income Report', NULL),
(192, 'all', 'All', NULL),
(193, 'account', 'Account', NULL),
(194, 'from', 'From', NULL),
(195, 'account_summary_report', 'Account Summary Report', NULL),
(196, 'search_by_date', 'Search By Date', NULL),
(197, 'cheque_no', 'Cheque No', NULL),
(198, 'name', 'Name', NULL),
(199, 'closing_account', 'Closing Account', NULL),
(200, 'close_your_account', 'Close your account', NULL),
(201, 'last_day_closing', 'Last Day Closing', NULL),
(202, 'cash_in', 'Cash In', NULL),
(203, 'cash_out', 'Cash Out', NULL),
(204, 'cash_in_hand', 'Cash In Hand', NULL),
(205, 'add_new_bank', 'Add New Bank', NULL),
(206, 'day_closing', 'Day Closing', NULL),
(207, 'account_closing_report', 'Account Closing Report', NULL),
(208, 'last_day_ammount', 'Last Day Amount', NULL),
(209, 'adjustment', 'Adjustment', NULL),
(210, 'pay_type', 'Pay Type', NULL),
(211, 'customer_or_supplier', 'Farmer Or Others', NULL),
(212, 'transection_id', 'Transections ID', NULL),
(213, 'accounts_summary_report', 'Accounts Summary Report', NULL),
(214, 'bank_list', 'Bank List', NULL),
(215, 'bank_edit', 'Bank Edit', NULL),
(216, 'debit_plus', 'Debit (+)', NULL),
(217, 'credit_minus', 'Credit (-)', NULL),
(218, 'account_name', 'Account Name', NULL),
(219, 'account_type', 'Account Type', NULL),
(220, 'account_real_name', 'Account Real Name', NULL),
(221, 'manage_account', 'Manage Account', NULL),
(222, 'company_name', 'Niha International', NULL),
(223, 'edit_your_company_information', 'Edit your company information', NULL),
(224, 'company_edit', 'Company Edit', NULL),
(225, 'admin', 'Admin', NULL),
(226, 'user', 'User', NULL),
(227, 'password', 'Password', NULL),
(228, 'last_name', 'Last Name', NULL),
(229, 'first_name', 'First Name', NULL),
(230, 'add_new_user_information', 'Add new user information', NULL),
(231, 'user_type', 'User Type', NULL),
(232, 'user_edit', 'User Edit', NULL),
(233, 'rtr', 'RTR', NULL),
(234, 'ltr', 'LTR', NULL),
(235, 'ltr_or_rtr', 'LTR/RTR', NULL),
(236, 'footer_text', 'Footer Text', NULL),
(237, 'favicon', 'Favicon', NULL),
(238, 'logo', 'Logo', NULL),
(239, 'update_setting', 'Update Setting', NULL),
(240, 'update_your_web_setting', 'Update your web setting', NULL),
(241, 'login', 'Login', NULL),
(242, 'your_strong_password', 'Your strong password', NULL),
(243, 'your_unique_email', 'Your unique email', NULL),
(244, 'please_enter_your_login_information', 'Please enter your login information.', NULL),
(245, 'update_profile', 'Update Profile', NULL),
(246, 'your_profile', 'Your Profile', NULL),
(247, 're_type_password', 'Re-Type Password', NULL),
(248, 'new_password', 'New Password', NULL),
(249, 'old_password', 'Old Password', NULL),
(250, 'new_information', 'New Information', NULL),
(251, 'old_information', 'Old Information', NULL),
(252, 'change_your_information', 'Change your information', NULL),
(253, 'change_your_profile', 'Change your profile', NULL),
(254, 'profile', 'Profile', NULL),
(255, 'wrong_username_or_password', 'Wrong User Name Or Password !', NULL),
(256, 'successfully_updated', 'Successfully Updated.', NULL),
(257, 'blank_field_does_not_accept', 'Blank Field Does Not Accept !', NULL),
(258, 'successfully_changed_password', 'Successfully changed password.', NULL),
(259, 'you_are_not_authorised_person', 'You are not authorised person !', NULL),
(260, 'password_and_repassword_does_not_match', 'Passwor and re-password does not match !', NULL),
(261, 'new_password_at_least_six_character', 'New Password At Least 6 Character.', NULL),
(262, 'you_put_wrong_email_address', 'You put wrong email address !', NULL),
(263, 'cheque_ammount_asjusted', 'Cheque amount adjusted.', NULL),
(264, 'successfully_payment_paid', 'Successfully Payment Paid.', NULL),
(265, 'successfully_added', 'Successfully Added.', NULL),
(266, 'successfully_updated_2_closing_ammount_not_changeale', 'Successfully Updated -2. Note: Closing Amount Not Changeable.', NULL),
(267, 'successfully_payment_received', 'Successfully Payment Received.', NULL),
(268, 'already_inserted', 'Already Inserted !', NULL),
(269, 'successfully_delete', 'Successfully Delete.', NULL),
(270, 'successfully_created', 'Successfully Created.', NULL),
(271, 'logo_not_uploaded', 'Logo not uploaded !', NULL),
(272, 'favicon_not_uploaded', 'Favicon not uploaded !', NULL),
(273, 'supplier_mobile', 'Farmer Mobile', NULL),
(274, 'supplier_address', 'Farmer Address', NULL),
(275, 'supplier_details', 'Farmer Details', NULL),
(276, 'add_new_supplier', 'Add New Farmer', NULL),
(277, 'manage_suppiler', 'Manage Supplier', NULL),
(278, 'manage_your_supplier', 'Manage your Farmer', NULL),
(279, 'manage_supplier_ledger', 'Manage farmer ledger', NULL),
(280, 'invoice_id', 'Invoice ID', NULL),
(281, 'deposite_id', 'Deposite ID', NULL),
(282, 'supplier_actual_ledger', 'Farmer Payment Ledger', NULL),
(283, 'supplier_information', 'Farmer Information', NULL),
(284, 'event', 'Event', NULL),
(285, 'add_new_income', 'Add New Income', NULL),
(286, 'add_expese', 'Add Expense', NULL),
(287, 'add_new_expense', 'Add New Expense', NULL),
(288, 'total_inflow_ammount', 'Total Income Amount', NULL),
(289, 'create_new_invoice', 'Create New Sale', NULL),
(290, 'create_pos_invoice', 'Create POS Sale', NULL),
(291, 'total_profit', 'Total Profit', NULL),
(292, 'monthly_progress_report', 'Monthly Progress Report', NULL),
(293, 'total_invoice', 'Total Sale', NULL),
(294, 'account_summary', 'Account Summary', NULL),
(295, 'total_supplier', 'Number of Farmers', NULL),
(296, 'total_product', 'Number of  Products', NULL),
(297, 'total_customer', 'Number of Customers', NULL),
(298, 'supplier_edit', 'Farmer Edit', NULL),
(299, 'add_new_invoice', 'Add New Sale', NULL),
(300, 'add_new_purchase', 'Add new purchase', NULL),
(301, 'currency', 'Currency', NULL),
(302, 'currency_position', 'Currency Position', NULL),
(303, 'left', 'Left', NULL),
(304, 'right', 'Right', NULL),
(305, 'add_tax', 'Add Tax', NULL),
(306, 'manage_tax', 'Manage Tax', NULL),
(307, 'add_new_tax', 'Add new tax', NULL),
(308, 'enter_tax', 'Enter Tax', NULL),
(309, 'already_exists', 'Already Exists !', NULL),
(310, 'successfully_inserted', 'Successfully Inserted.', NULL),
(311, 'tax', 'Tax', NULL),
(312, 'tax_edit', 'Tax Edit', NULL),
(313, 'product_not_added', 'Product not added !', NULL),
(314, 'total_tax', 'Total Tax', NULL),
(315, 'manage_your_supplier_details', 'Manage your farmer details.', NULL),
(316, 'invoice_description', 'Lorem Ipsum is sim ply dummy Lorem Ipsum is simply dummy Lorem Ipsum is simply dummy Lorem Ipsum is simply dummy Lorem Ipsum is simply dummy Lorem Ipsum is sim ply dummy Lorem Ipsum is simply dummy Lorem Ipsum is simply dummy Lorem Ipsum is simply dummy Lorem Ipsum is simply dummy', NULL),
(317, 'thank_you_for_choosing_us', 'Thank you very much for choosing us.', NULL),
(318, 'billing_date', 'Billing Date', NULL),
(319, 'billing_to', 'Billing To', NULL),
(320, 'billing_from', 'Billing From', NULL),
(321, 'you_cant_delete_this_product', 'Sorry !!  You can\'t delete this product.This product already used in calculation system!', NULL),
(322, 'old_customer', 'Old Farmer', NULL),
(323, 'new_customer', 'New Farmer', NULL),
(324, 'new_supplier', 'New Farmer', NULL),
(325, 'old_supplier', 'Old Farmer', NULL),
(326, 'credit_customer', 'Credit Farmer', NULL),
(327, 'account_already_exists', 'This Account Already Exists !', NULL),
(328, 'edit_income', 'Edit Income', NULL),
(329, 'you_are_not_access_this_part', 'You are not authorised person !', NULL),
(330, 'account_edit', 'Account Edit', NULL),
(331, 'due', 'Due', NULL),
(332, 'expense_edit', 'Expense Edit', NULL),
(333, 'please_select_customer', 'Please select farmer !', NULL),
(334, 'profit_report', 'Profit Report (Sale Wise)', NULL),
(335, 'total_profit_report', 'Total profit report', NULL),
(336, 'please_enter_valid_captcha', 'Please enter valid captcha.', NULL),
(337, 'category_not_selected', 'Category not selected.', NULL),
(338, 'supplier_not_selected', 'Farmer not selected.', NULL),
(339, 'please_select_product', 'Please select product.', NULL),
(340, 'product_model_already_exist', 'Product model already exist !', NULL),
(341, 'invoice_logo', 'Sale Logo', NULL),
(342, 'available_qnty', 'Av. Qnty.', NULL),
(343, 'you_can_not_buy_greater_than_available_cartoon', 'You can not select grater than available cartoon !', NULL),
(344, 'customer_details', 'Farmer details', NULL),
(345, 'manage_customer_details', 'Manage farmer details.', NULL),
(346, 'site_key', 'Captcha Site Key', NULL),
(347, 'secret_key', 'Captcha Secret Key', NULL),
(348, 'captcha', 'Captcha', NULL),
(349, 'cartoon_quantity', 'Cartoon Quantity', NULL),
(350, 'total_cartoon', 'Total Cartoon', NULL),
(351, 'cartoon', 'Cartoon', NULL),
(352, 'item_cartoon', 'Item/Cartoon', NULL),
(353, 'product_and_supplier_did_not_match', 'Product and farmer did not match !', NULL),
(354, 'if_you_update_purchase_first_select_supplier_then_product_and_then_quantity', 'If you update purchase,first select supplier then product and then update qnty.', NULL),
(355, 'item', 'Item', NULL),
(356, 'manage_your_credit_customer', 'Manage your credit farmers', NULL),
(357, 'total_quantity', 'Total Quantity', NULL),
(358, 'quantity_per_cartoon', 'Quantity per cartoon', NULL),
(359, 'barcode_qrcode_scan_here', 'Barcode or QR-code scan here', NULL),
(360, 'synchronizer_setting', 'Synchronizer Setting', NULL),
(361, 'data_synchronizer', 'Data Synchronizer', NULL),
(362, 'hostname', 'Host name', NULL),
(363, 'username', 'User Name', NULL),
(364, 'ftp_port', 'FTP Port', NULL),
(365, 'ftp_debug', 'FTP Debug', NULL),
(366, 'project_root', 'Project Root', NULL),
(367, 'please_try_again', 'Please try again', NULL),
(368, 'save_successfully', 'Save successfully', NULL),
(369, 'synchronize', 'Synchronize', NULL),
(370, 'internet_connection', 'Internet Connection', NULL),
(371, 'outgoing_file', 'Outgoing File', NULL),
(372, 'incoming_file', 'Incoming File', NULL),
(373, 'ok', 'Ok', NULL),
(374, 'not_available', 'Not Available', NULL),
(375, 'available', 'Available', NULL),
(376, 'download_data_from_server', 'Download data from server', NULL),
(377, 'data_import_to_database', 'Data import to database', NULL),
(378, 'data_upload_to_server', 'Data uplod to server', NULL),
(379, 'please_wait', 'Please Wait', NULL),
(380, 'ooops_something_went_wrong', 'Oooops Something went wrong !', NULL),
(381, 'upload_successfully', 'Upload successfully', NULL),
(382, 'unable_to_upload_file_please_check_configuration', 'Unable to upload file please check configuration', NULL),
(383, 'please_configure_synchronizer_settings', 'Please configure synchronizer settings', NULL),
(384, 'download_successfully', 'Download successfully', NULL),
(385, 'unable_to_download_file_please_check_configuration', 'Unable to download file please check configuration', NULL),
(386, 'data_import_first', 'Data import past', NULL),
(387, 'data_import_successfully', 'Data import successfully', NULL),
(388, 'unable_to_import_data_please_check_config_or_sql_file', 'Unable to import data please check config or sql file', NULL),
(389, 'total_sale_ctn', 'Total Sale Ctn', NULL),
(390, 'in_qnty', 'In Qnty.', NULL),
(391, 'out_qnty', 'Out Qnty.', NULL),
(392, 'stock_report_supplier_wise', 'Stock Report (Supplier Wise)', NULL),
(393, 'all_stock_report_supplier_wise', 'Stock Report (Suppler Wise)', NULL),
(394, 'select_supplier', 'Select Farmer', NULL),
(395, 'stock_report_product_wise', 'Stock Report (Product Wise)', NULL),
(396, 'phone', 'Phone', NULL),
(397, 'select_product', 'Select Product', NULL),
(398, 'in_quantity', 'In Qnty.', NULL),
(399, 'out_quantity', 'Out Qnty.', NULL),
(400, 'in_taka', 'In TK.', NULL),
(401, 'out_taka', 'Out TK.', NULL),
(402, 'commission', 'Commission', NULL),
(403, 'generate_commission', 'Generate Commssion', NULL),
(404, 'commission_rate', 'Commission Rate', NULL),
(405, 'total_ctn', 'Total Ctn.', NULL),
(406, 'per_pcs_commission', 'Per PCS Commission', NULL),
(407, 'total_commission', 'Total Commission', NULL),
(408, 'enter', 'Enter', NULL),
(409, 'please_add_walking_customer_for_default_customer', 'Please add \'Walking Farmer\' for default customer.', NULL),
(410, 'supplier_ammount', 'Farmer Amount', NULL),
(411, 'my_sale_ammount', 'My Sale Amount', NULL),
(412, 'signature_pic', 'Signature Picture', NULL),
(413, 'branch', 'Branch', NULL),
(414, 'ac_no', 'A/C Number', NULL),
(415, 'ac_name', 'A/C Name', NULL),
(416, 'bank_transaction', 'Bank Transaction', NULL),
(417, 'bank', 'Bank', NULL),
(418, 'withdraw_deposite_id', 'Withdraw / Deposite ID', NULL),
(419, 'bank_ledger', 'Bank Ledger', NULL),
(420, 'note_name', 'Note Name', NULL),
(421, 'pcs', 'Pcs.', NULL),
(422, '1', '1', NULL),
(423, '2', '2', NULL),
(424, '5', '5', NULL),
(425, '10', '10', NULL),
(426, '20', '20', NULL),
(427, '50', '50', NULL),
(428, '100', '100', NULL),
(429, '500', '500', NULL),
(430, '1000', '1000', NULL),
(431, 'total_discount', 'Total Discount', NULL),
(432, 'product_not_found', 'Product not found !', NULL),
(433, 'this_is_not_credit_customer', 'This is not credit farmer !', NULL),
(434, 'personal_loan', 'Personal Loan', NULL),
(435, 'add_person', 'Add Person', NULL),
(436, 'add_loan', 'Add Loan', NULL),
(437, 'add_payment', 'Add Payment', NULL),
(438, 'manage_person', 'Manage Person', NULL),
(439, 'personal_edit', 'Person Edit', NULL),
(440, 'person_ledger', 'Person Ledger', NULL),
(441, 'backup_restore', 'Backup ', NULL),
(442, 'database_backup', 'Database backup', NULL),
(443, 'file_information', 'File information', NULL),
(444, 'filename', 'Filename', NULL),
(445, 'size', 'Size', NULL),
(446, 'backup_date', 'Backup date', NULL),
(447, 'backup_now', 'Backup now', NULL),
(448, 'restore_now', 'Restore now', NULL),
(449, 'are_you_sure', 'Are you sure ?', NULL),
(450, 'download', 'Download', NULL),
(451, 'backup_and_restore', 'Backup', NULL),
(452, 'backup_successfully', 'Backup successfully', NULL),
(453, 'delete_successfully', 'Delete successfully', NULL),
(454, 'stock_ctn', 'Stock/Qnt', NULL),
(455, 'unit', 'Unit', NULL),
(456, 'meter_m', 'Meter (M)', NULL),
(457, 'piece_pc', 'Piece (Pc)', NULL),
(458, 'kilogram_kg', 'Kilogram (Kg)', NULL),
(459, 'stock_cartoon', 'Stock Cartoon', NULL),
(460, 'add_product_csv', 'Add Product (CSV)', NULL),
(461, 'import_product_csv', 'Import product (CSV)', NULL),
(462, 'close', 'Close', NULL),
(463, 'download_example_file', 'Download example file.', NULL),
(464, 'upload_csv_file', 'Upload CSV File', NULL),
(465, 'csv_file_informaion', 'CSV File Information', NULL),
(466, 'out_of_stock', 'Out Of Stock', NULL),
(467, 'others', 'Others', NULL),
(468, 'full_paid', 'Full Paid', NULL),
(469, 'successfully_saved', 'Your Data Successfully Saved', NULL),
(470, 'manage_loan', 'Manage Loan', NULL),
(471, 'receipt', 'Receipt', NULL),
(472, 'payment', 'Payment', NULL),
(473, 'cashflow', 'Daily Cash Flow', NULL),
(474, 'signature', 'Signature', NULL),
(475, 'supplier_reports', 'Farmer Reports', NULL),
(476, 'generate', 'Generate', NULL),
(477, 'todays_overview', 'Todays Overview', NULL),
(478, 'last_sales', 'Last Sales', NULL),
(479, 'manage_transaction', 'Manage Transaction', NULL),
(480, 'daily_summary', 'Daily Summary', NULL),
(481, 'daily_cash_flow', 'Daily Cash Flow', NULL),
(482, 'custom_report', 'Custom Report', NULL),
(483, 'transaction', 'Transaction', NULL),
(484, 'receipt_amount', 'Receipt Amount', NULL),
(485, 'transaction_details_datewise', 'Transaction Details Datewise', NULL),
(486, 'cash_closing', 'Cash Closing', NULL),
(487, 'you_can_not_buy_greater_than_available_qnty', 'You can not buy greater than available qnty.', NULL),
(488, 'supplier_id', 'Farmer ID', NULL),
(489, 'category_id', 'Category ID', NULL),
(490, 'select_report', 'Select Report', NULL),
(491, 'supplier_summary', 'Supplier summary', NULL),
(492, 'sales_payment_actual', 'Sales payment actual', NULL),
(493, 'today_already_closed', 'Today already closed.', NULL),
(494, 'root_account', 'Root Account', NULL),
(495, 'office', 'Office', NULL),
(496, 'loan', 'Loan', NULL),
(497, 'transaction_mood', 'Transaction Mood', NULL),
(498, 'select_account', 'Select Account', NULL),
(499, 'add_receipt', 'Add Receipt', NULL),
(500, 'update_transaction', 'Update Transaction', NULL),
(501, 'no_stock_found', 'No Stock Found !', NULL),
(502, 'admin_login_area', 'Admin Login Area', NULL),
(503, 'print_qr_code', 'Print QR Code', NULL),
(504, 'discount_type', 'Discount Type', NULL),
(505, 'discount_percentage', 'Discount', NULL),
(506, 'fixed_dis', 'Fixed Dis.', NULL),
(507, 'return', 'Return', NULL),
(508, 'stock_return_list', 'Stock Return List', NULL),
(509, 'wastage_return_list', 'Wastage Return List', NULL),
(510, 'return_invoice', 'Sale Return', NULL),
(511, 'sold_qty', 'Sold Qty', NULL),
(512, 'ret_quantity', 'Return Qty', NULL),
(513, 'deduction', 'Deduction', NULL),
(514, 'check_return', 'Check Return', NULL),
(515, 'reason', 'Reason', NULL),
(516, 'usablilties', 'Usability', NULL),
(517, 'adjs_with_stck', 'Adjust With Stock', NULL),
(518, 'return_to_supplier', 'Return To Supplier', NULL),
(519, 'wastage', 'Wastage', NULL),
(520, 'to_deduction', 'Total Deduction ', NULL),
(521, 'nt_return', 'Net Return Amount', NULL),
(522, 'return_list', 'Return List', NULL),
(523, 'add_return', 'Add Return', NULL),
(524, 'per_qty', 'Purchase Qty', NULL),
(525, 'return_supplier', 'Supplier Return', NULL),
(526, 'stock_purchase', 'Stock Purchase Price', NULL),
(527, 'stock_sale', 'Stock Sale Price', NULL),
(528, 'supplier_return', 'Supplier Return', NULL),
(529, 'purchase_id', 'Purchase ID', NULL),
(530, 'return_id', 'Return ID', NULL),
(531, 'supplier_return_list', 'Supplier Return List', NULL),
(532, 'c_r_slist', 'Stock Return Stock', NULL),
(533, 'wastage_list', 'Wastage List', NULL),
(534, 'please_input_correct_invoice_id', 'Please Input a Correct Sale ID', NULL),
(535, 'please_input_correct_purchase_id', 'Please Input Your Correct  Purchase ID', NULL),
(536, 'add_more', 'Add More', NULL),
(537, 'prouct_details', 'Product Details', NULL),
(538, 'prouct_detail', 'Product Details', NULL),
(539, 'stock_return', 'Stock Return', NULL),
(540, 'choose_transaction', 'Select Transaction', NULL),
(541, 'transection_category', 'Select  Category', NULL),
(542, 'transaction_categry', 'Select Category', NULL),
(543, 'search_supplier', 'Search Supplier', NULL),
(544, 'customer_id', 'Farmer ID', NULL),
(545, 'search_customer', 'Search Farmer Invoice', NULL),
(546, 'serial_no', 'SN', NULL),
(547, 'item_discount', 'Item Discount', NULL),
(548, 'invoice_discount', 'Sale Discount', NULL),
(549, 'add_unit', 'Add Unit', NULL),
(550, 'manage_unit', 'Manage Unit', NULL),
(551, 'add_new_unit', 'Add New Unit', NULL),
(552, 'unit_name', 'Unit Name', NULL),
(553, 'payment_amount', 'Payment Amount', NULL),
(554, 'manage_your_unit', 'Manage Your Unit', NULL),
(555, 'unit_id', 'Unit ID', NULL),
(556, 'unit_edit', 'Unit Edit', NULL),
(557, 'vat', 'Vat', NULL),
(558, 'sales_report_category_wise', 'Sales Report (Category wise)', NULL),
(559, 'purchase_report_category_wise', 'Purchase Report (Category wise)', NULL),
(560, 'category_wise_purchase_report', 'Category wise purchase report', NULL),
(561, 'category_wise_sales_report', 'Category wise sales report', NULL),
(562, 'best_sale_product', 'Best Sale Product', NULL),
(563, 'all_best_sales_product', 'All Best Sales Products', NULL),
(564, 'todays_customer_receipt', 'Todays Farmer\'s Receipt', NULL),
(565, 'not_found', 'Record not found', NULL),
(566, 'collection', 'Collection', NULL),
(567, 'increment', 'Increment', NULL),
(568, 'accounts_tree_view', 'Accounts Tree View', NULL),
(569, 'debit_voucher', 'Debit Voucher', NULL),
(570, 'voucher_no', 'Voucher No', NULL),
(571, 'credit_account_head', 'Credit Account Head', NULL),
(572, 'remark', 'Remark', NULL),
(573, 'code', 'Code', NULL),
(574, 'amount', 'Amount', NULL),
(575, 'approved', 'Approved', NULL),
(576, 'debit_account_head', 'Debit Account Head', NULL),
(577, 'credit_voucher', 'Credit Voucher', NULL),
(578, 'find', 'Find', NULL),
(579, 'transaction_date', 'Transaction Date', NULL),
(580, 'voucher_type', 'Voucher Type', NULL),
(581, 'particulars', 'Particulars', NULL),
(582, 'with_details', 'With Details', NULL),
(583, 'general_ledger', 'General Ledger', NULL),
(584, 'general_ledger_of', 'General ledger of', NULL),
(585, 'pre_balance', 'Pre Balance', NULL),
(586, 'current_balance', 'Current Balance', NULL),
(587, 'to_date', 'To Date', NULL),
(588, 'from_date', 'From Date', NULL),
(589, 'trial_balance', 'Trial Balance', NULL),
(590, 'authorized_signature', 'Authorized Signature', NULL),
(591, 'chairman', 'Chairman', NULL),
(592, 'total_income', 'Total Income', NULL),
(593, 'statement_of_comprehensive_income', 'Statement of Comprehensive Income', NULL),
(594, 'profit_loss', 'Profit Loss', NULL),
(595, 'cash_flow_report', 'Cash Flow Report', NULL),
(596, 'cash_flow_statement', 'Cash Flow Statement', NULL),
(597, 'amount_in_dollar', 'Amount In Dollar', NULL),
(598, 'opening_cash_and_equivalent', 'Opening Cash and Equivalent', NULL),
(599, 'coa_print', 'Coa Print', NULL),
(600, 'cash_flow', 'Cash Flow', NULL),
(601, 'cash_book', 'Cash Book', NULL),
(602, 'bank_book', 'Bank Book', NULL),
(603, 'c_o_a', 'Chart of Account', NULL),
(604, 'journal_voucher', 'Journal Voucher', NULL),
(605, 'contra_voucher', 'Contra Voucher', NULL),
(606, 'voucher_approval', 'Vouchar Approval', NULL),
(607, 'supplier_payment', 'Farrmer Payment', NULL),
(608, 'customer_receive', 'Farmer Receive', NULL),
(609, 'gl_head', 'General Head', NULL),
(610, 'account_code', 'Account Head', NULL),
(611, 'opening_balance', 'Opening Balance', NULL),
(612, 'head_of_account', 'Head of Account', NULL),
(613, 'inventory_ledger', 'Inventory Ledger', NULL),
(614, 'newpassword', 'New Password', NULL),
(615, 'password_recovery', 'Password Recovery', NULL),
(616, 'forgot_password', 'Forgot Password ??', NULL),
(617, 'send', 'Send', NULL),
(618, 'due_report', 'Due Report', NULL),
(619, 'due_amount', 'Due Amount', NULL),
(620, 'download_sample_file', 'Download Sample File', NULL),
(621, 'customer_csv_upload', 'Farmer Csv Upload', NULL),
(622, 'csv_supplier', 'Csv Upload Farmer', NULL),
(623, 'csv_upload_supplier', 'Csv Upload Farmer', NULL),
(624, 'previous', 'Previous', NULL),
(625, 'net_total', 'Net Total', NULL),
(626, 'currency_list', 'Currency List', NULL),
(627, 'currency_name', 'Currency Name', NULL),
(628, 'currency_icon', 'Currency Symbol', NULL),
(629, 'add_currency', 'Add Currency', NULL),
(630, 'role_permission', 'Role Permission', NULL),
(631, 'role_list', 'Role List', NULL),
(632, 'user_assign_role', 'User Assign Role', NULL),
(633, 'permission', 'Permission', NULL),
(634, 'add_role', 'Add Role', NULL),
(635, 'add_module', 'Add Module', NULL),
(636, 'module_name', 'Module Name', NULL),
(637, 'office_loan', 'Office Loan', NULL),
(638, 'add_menu', 'Add Menu', NULL),
(639, 'menu_name', 'Menu Name', NULL),
(640, 'sl_no', 'Sl No', NULL),
(641, 'create', 'Create', NULL),
(642, 'read', 'Read', NULL),
(643, 'role_name', 'Role Name', NULL),
(644, 'qty', 'Quantity', NULL),
(645, 'max_rate', 'Max Rate', NULL),
(646, 'min_rate', 'Min Rate', NULL),
(647, 'avg_rate', 'Average Rate', NULL),
(648, 'role_permission_added_successfully', 'Role Permission Successfully Added', NULL),
(649, 'update_successfully', 'Successfully Updated', NULL),
(650, 'role_permission_updated_successfully', 'Role Permission Successfully Updated ', NULL),
(651, 'shipping_cost', 'Shipping Cost', NULL),
(652, 'in_word', 'In Word ', NULL),
(653, 'shipping_cost_report', 'Shipping Cost Report', NULL),
(654, 'cash_book_report', 'Cash Book Report', NULL),
(655, 'inventory_ledger_report', 'Inventory Ledger Report', NULL),
(656, 'trial_balance_with_opening_as_on', 'Trial Balance With Opening As On', NULL),
(657, 'type', 'Type', NULL),
(658, 'taka_only', 'Taka Only', NULL),
(659, 'item_description', 'Desc', NULL),
(660, 'sold_by', 'Sold By', NULL),
(661, 'user_wise_sales_report', 'User Wise Sales Report', NULL),
(662, 'user_name', 'User Name', NULL),
(663, 'total_sold', 'Total Sold', NULL),
(664, 'user_wise_sale_report', 'User Wise Sales Report', NULL),
(665, 'barcode_or_qrcode', 'Barcode/QR-code', NULL),
(666, 'category_csv_upload', 'Category Csv  Upload', NULL),
(667, 'unit_csv_upload', 'Unit Csv Upload', NULL),
(668, 'invoice_return_list', 'Sales Return list', NULL),
(669, 'invoice_return', 'Sales Return', NULL),
(670, 'tax_report', 'Tax Report', NULL),
(671, 'select_tax', 'Select Tax', NULL),
(672, 'hrm', 'HRM', NULL),
(673, 'employee', 'Employee', NULL),
(674, 'add_employee', 'Add Employee', NULL),
(675, 'manage_employee', 'Manage Employee', NULL),
(676, 'attendance', 'Attendance', NULL),
(677, 'add_attendance', 'Attendance', NULL),
(678, 'manage_attendance', 'Manage Attendance', NULL),
(679, 'payroll', 'Payroll', NULL),
(680, 'add_payroll', 'Payroll', NULL),
(681, 'manage_payroll', 'Manage Payroll', NULL),
(682, 'employee_type', 'Employee Type', NULL),
(683, 'employee_designation', 'Employee Designation', NULL),
(684, 'designation', 'Designation', NULL),
(685, 'add_designation', 'Add Designation', NULL),
(686, 'manage_designation', 'Manage Designation', NULL),
(687, 'designation_update_form', 'Designation Update form', NULL),
(688, 'picture', 'Picture', NULL),
(689, 'country', 'Country', NULL),
(690, 'blood_group', 'Blood Group', NULL),
(691, 'address_line_1', 'Address Line 1', NULL),
(692, 'address_line_2', 'Address Line 2', NULL),
(693, 'zip', 'Zip code', NULL),
(694, 'city', 'Route', NULL),
(695, 'hour_rate_or_salary', 'Houre Rate/Salary', NULL),
(696, 'rate_type', 'Rate Type', NULL),
(697, 'hourly', 'Hourly', NULL),
(698, 'salary', 'Salary', NULL),
(699, 'employee_update', 'Employee Update', NULL),
(700, 'checkin', 'Check In', NULL),
(701, 'employee_name', 'Employee Name', NULL),
(702, 'checkout', 'Check Out', NULL),
(703, 'confirm_clock', 'Confirm Clock', NULL),
(704, 'stay', 'Stay Time', NULL),
(705, 'sign_in', 'Sign In', NULL),
(706, 'check_in', 'Check In', NULL),
(707, 'single_checkin', 'Single Check In', NULL),
(708, 'bulk_checkin', 'Bulk Check In', NULL),
(709, 'successfully_checkout', 'Successfully Checkout', NULL),
(710, 'attendance_report', 'Attendance Report', NULL),
(711, 'datewise_report', 'Date Wise Report', NULL),
(712, 'employee_wise_report', 'Employee Wise Report', NULL),
(713, 'date_in_time_report', 'Date In Time Report', NULL),
(714, 'request', 'Request', NULL),
(715, 'sign_out', 'Sign Out', NULL),
(716, 'work_hour', 'Work Hours', NULL),
(717, 's_time', 'Start Time', NULL),
(718, 'e_time', 'In Time', NULL),
(719, 'salary_benefits_type', 'Benefits Type', NULL),
(720, 'salary_benefits', 'Salary Benefits', NULL),
(721, 'beneficial_list', 'Benefit List', NULL),
(722, 'add_beneficial', 'Add Benefits', NULL),
(723, 'add_benefits', 'Add Benefits', NULL),
(724, 'benefits_list', 'Benefit List', NULL),
(725, 'benefit_type', 'Benefit Type', NULL),
(726, 'benefits', 'Benefit', NULL),
(727, 'manage_benefits', 'Manage Benefits', NULL),
(728, 'deduct', 'Deduct', NULL),
(729, 'add', 'Add', NULL),
(730, 'add_salary_setup', 'Add Salary Setup', NULL),
(731, 'manage_salary_setup', 'Manage Salary Setup', NULL),
(732, 'basic', 'Basic', NULL),
(733, 'salary_type', 'Salary Type', NULL),
(734, 'addition', 'Addition', NULL),
(735, 'gross_salary', 'Gross Salary', NULL),
(736, 'set', 'Set', NULL),
(737, 'salary_generate', 'Salary Generate', NULL),
(738, 'manage_salary_generate', 'Manage Salary Generate', NULL),
(739, 'sal_name', 'Salary Name', NULL),
(740, 'gdate', 'Generated Date', NULL),
(741, 'generate_by', 'Generated By', NULL),
(742, 'the_salary_of', 'The Salary of ', NULL),
(743, 'already_generated', ' Already Generated', NULL),
(744, 'salary_month', 'Salary Month', NULL),
(745, 'successfully_generated', 'Successfully Generated', NULL),
(746, 'salary_payment', 'Salary Payment', NULL),
(747, 'employee_salary_payment', 'Employee Salary Payment', NULL),
(748, 'total_salary', 'Total Salary', NULL),
(749, 'total_working_minutes', 'Total Working Hours', NULL),
(750, 'working_period', 'Working Period', NULL),
(751, 'paid_by', 'Paid By', NULL),
(752, 'pay_now', 'Pay Now ', NULL),
(753, 'confirm', 'Confirm', NULL),
(754, 'successfully_paid', 'Successfully Paid', NULL),
(755, 'add_incometax', 'Add Income Tax', NULL),
(756, 'setup_tax', 'Setup Tax', NULL),
(757, 'start_amount', 'Start Amount', NULL),
(758, 'end_amount', 'End Amount', NULL),
(759, 'tax_rate', 'Tax Rate', NULL),
(760, 'setup', 'Setup', NULL),
(761, 'manage_income_tax', 'Manage Income Tax', NULL),
(762, 'income_tax_updateform', 'Income tax Update form', NULL),
(763, 'positional_information', 'Positional Information', NULL),
(764, 'personal_information', 'Personal Information', NULL),
(765, 'timezone', 'Time Zone', NULL),
(766, 'sms', 'SMS', NULL),
(767, 'sms_configure', 'SMS Configure', NULL),
(768, 'url', 'URL', NULL),
(769, 'sender_id', 'Sender ID', NULL),
(770, 'api_key', 'Api Key', NULL),
(771, 'gui_pos', 'GUI POS', NULL),
(772, 'manage_service', 'Manage Service', NULL),
(773, 'service', 'Service', NULL),
(774, 'add_service', 'Add Service', NULL),
(775, 'service_edit', 'Service Edit', NULL),
(776, 'service_csv_upload', 'Service CSV Upload', NULL),
(777, 'service_name', 'Service Name', NULL),
(778, 'charge', 'Charge', NULL),
(779, 'service_invoice', 'Service Invoice', NULL),
(780, 'service_discount', 'Service Discount', NULL),
(781, 'hanging_over', 'ETD', NULL),
(782, 'service_details', 'Service Details', NULL),
(783, 'tax_settings', 'Tax Settings', NULL),
(784, 'default_value', 'Default Value', NULL),
(785, 'number_of_tax', 'Number of Tax', NULL),
(786, 'please_select_employee', 'Please Select Employee', NULL),
(787, 'manage_service_invoice', 'Manage Service Invoice', NULL),
(788, 'update_service_invoice', 'Update Service Invoice', NULL),
(789, 'customer_wise_tax_report', 'Farmer Wise Tax Report', NULL),
(790, 'service_id', 'Service Id', NULL),
(791, 'invoice_wise_tax_report', 'Invoice Wise Tax Report', NULL),
(792, 'reg_no', 'Reg No', NULL),
(793, 'update_now', 'Update Now', NULL),
(794, 'import', 'Import', NULL),
(795, 'add_expense_item', 'Add Expense Item', NULL),
(796, 'manage_expense_item', 'Manage Expense Item', NULL),
(797, 'add_expense', 'Add Expense', NULL),
(798, 'manage_expense', 'Manage Expense', NULL),
(799, 'expense_statement', 'Expense Statement', NULL),
(800, 'expense_type', 'Expense Type', NULL),
(801, 'expense_item_name', 'Expense Item Name', NULL),
(802, 'stock_purchase_price', 'Stock Purchase Price', NULL),
(803, 'purchase_price', 'Purchase Price', NULL),
(804, 'customer_advance', 'Farmer Advance', NULL),
(805, 'advance_type', 'Advance Type', NULL),
(806, 'restore', 'Restore', NULL),
(807, 'supplier_advance', 'Farmer Advance', NULL),
(808, 'please_input_correct_invoice_no', 'Please Input Correct Invoice NO', NULL),
(809, 'backup', 'Back Up', NULL),
(810, 'app_setting', 'App Settings', NULL),
(811, 'local_server_url', 'Local Server Url', NULL),
(812, 'online_server_url', 'Online Server Url', NULL),
(813, 'connet_url', 'Connected Hotspot Ip/url', NULL),
(814, 'update_your_app_setting', 'Update Your App Setting', NULL),
(815, 'select_category', 'Select Category', NULL),
(816, 'mini_invoice', 'Mini Invoice', NULL),
(817, 'purchase_details', 'Purchase Details', NULL),
(818, 'disc', 'Dis %', NULL),
(819, 'serial', 'Serial', NULL),
(820, 'transaction_head', 'Transaction Head', NULL),
(821, 'transaction_type', 'Transaction Type', NULL),
(822, 'return_details', 'Return Details', NULL),
(823, 'return_to_customer', 'Return To Farmer', NULL),
(824, 'sales_and_purchase_report_summary', 'Sales And Purchase Report Summary', NULL),
(825, 'add_person_officeloan', 'Add Person (Office Loan)', NULL),
(826, 'add_loan_officeloan', 'Add Loan (Office Loan)', NULL),
(827, 'add_payment_officeloan', 'Add Payment (Office Loan)', NULL),
(828, 'manage_loan_officeloan', 'Manage Loan (Office Loan)', NULL),
(829, 'add_person_personalloan', 'Add Person (Personal Loan)', NULL),
(830, 'add_loan_personalloan', 'Add Loan (Personal Loan)', NULL),
(831, 'add_payment_personalloan', 'Add Payment (Personal Loan)', NULL),
(832, 'manage_loan_personalloan', 'Manage Loan (Personal)', NULL),
(833, 'hrm_management', 'Human Resource', NULL),
(834, 'cash_adjustment', 'Cash Adjustment', NULL),
(835, 'adjustment_type', 'Adjustment Type', NULL),
(836, 'change', 'Change', NULL),
(837, 'sale_by', 'Sale By', NULL),
(838, 'salary_date', 'Salary Date', NULL),
(839, 'earnings', 'Earnings', NULL),
(840, 'total_addition', 'Total Addition', NULL),
(841, 'total_deduction', 'Total Deduction', NULL),
(842, 'net_salary', 'Net Salary', NULL),
(843, 'ref_number', 'Reference Number', NULL),
(844, 'name_of_bank', 'Name Of Bank', NULL),
(845, 'salary_slip', 'Salary Slip', NULL),
(846, 'basic_salary', 'Basic Salary', NULL),
(847, 'return_from_customer', 'Return From Farmer', NULL),
(848, 'quotation', 'Quotation', NULL),
(849, 'add_quotation', 'Add Quotation', NULL),
(850, 'manage_quotation', 'Manage Quotation', NULL),
(851, 'terms', 'Terms', NULL),
(852, 'send_to_customer', 'Sent To Farmer', NULL),
(853, 'quotation_no', 'Quotation No', NULL),
(854, 'quotation_date', 'Quotation Date', NULL),
(855, 'total_service_tax', 'Total Service Tax', NULL),
(856, 'totalservicedicount', 'Total Service Discount', NULL),
(857, 'item_total', 'Item Total', NULL),
(858, 'service_total', 'Service Total', NULL),
(859, 'quot_description', 'Quotation Description', NULL),
(860, 'sub_total', 'Sub Total', NULL),
(861, 'mail_setting', 'Mail Setting', NULL),
(862, 'mail_configuration', 'Mail Configuration', NULL),
(863, 'mail', 'Mail', NULL),
(864, 'protocol', 'Protocol', NULL),
(865, 'smtp_host', 'SMTP Host', NULL),
(866, 'smtp_port', 'SMTP Port', NULL),
(867, 'sender_mail', 'Sender Mail', NULL),
(868, 'mail_type', 'Mail Type', NULL),
(869, 'html', 'HTML', NULL),
(870, 'text', 'TEXT', NULL),
(871, 'expiry_date', 'Expiry Date', NULL),
(872, 'api_secret', 'Api Secret', NULL),
(873, 'please_config_your_mail_setting', NULL, NULL),
(874, 'quotation_successfully_added', 'Quotation Successfully Added', NULL),
(875, 'add_to_invoice', 'Add To Invoice', NULL),
(876, 'added_to_invoice', 'Added To Invoice', NULL),
(877, 'closing_balance', 'Closing Balance', NULL),
(878, 'contact', 'Member No.', NULL),
(879, 'fax', 'KRA', NULL),
(880, 'state', 'Location', NULL),
(881, 'discounts', 'Discount', NULL),
(882, 'address1', 'Address1', NULL),
(883, 'address2', 'Address2', NULL),
(884, 'receive', 'Receive', NULL),
(885, 'purchase_history', 'Purchase History', NULL),
(886, 'cash_payment', 'Cash Payment', NULL),
(887, 'bank_payment', 'Bank Payment', NULL),
(888, 'do_you_want_to_print', 'Do You Want to Print', NULL),
(889, 'yes', 'Yes', NULL),
(890, 'no', 'No', NULL),
(891, 'todays_sale', 'Today\'s Sales', NULL),
(892, 'or', 'OR', NULL),
(893, 'no_result_found', 'No Result Found', NULL),
(894, 'add_service_quotation', 'Add Service Quotation', NULL),
(895, 'add_to_invoice', 'Add To Invoice', NULL),
(896, 'item_quotation', 'Item Quotation', NULL),
(897, 'service_quotation', 'Service Quotation', NULL),
(898, 'return_from', 'Return Form', NULL),
(899, 'customer_return_list', 'Farmer Return List', NULL),
(900, 'pdf', 'Pdf', NULL),
(901, 'note', 'Note', NULL),
(902, 'update_debit_voucher', 'Update Debit Voucher', NULL),
(903, 'update_credit_voucher', 'Update Credit voucher', NULL),
(904, 'on', 'On', NULL),
(905, '', '', NULL),
(906, 'total_expenses', 'Total Expense', NULL),
(907, 'already_exist', 'Already Exist', NULL),
(908, 'checked_out', 'Checked Out', NULL),
(909, 'update_salary_setup', 'Update Salary Setup', NULL),
(910, 'employee_signature', 'Employee Signature', NULL),
(911, 'payslip', 'Payslip', NULL),
(912, 'exsisting_role', 'Existing Role', NULL),
(913, 'filter', 'Filter', NULL),
(914, 'testinput', NULL, NULL),
(915, 'update_quotation', 'Update Quotation', NULL),
(916, 'quotation_successfully_updated', 'Quotation Successfully Updated', NULL),
(917, 'successfully_approved', 'Successfully Approved', NULL),
(918, 'expiry', 'Expiry', NULL),
(919, 'bank_account', 'Bank Account', NULL),
(920, 'customer_type', 'Customer Type', NULL),
(921, 'route', 'Route', NULL),
(922, 'customer_collections', 'Collections', NULL);

-- --------------------------------------------------------

--
-- Table structure for table `leave_apply`
--

CREATE TABLE `leave_apply` (
  `leave_appl_id` int(11) NOT NULL,
  `employee_id` varchar(20) NOT NULL,
  `leave_type_id` int(11) NOT NULL,
  `apply_strt_date` varchar(20) NOT NULL,
  `apply_end_date` varchar(20) NOT NULL,
  `apply_day` int(11) NOT NULL,
  `leave_aprv_strt_date` varchar(20) NOT NULL,
  `leave_aprv_end_date` varchar(20) NOT NULL,
  `num_aprv_day` varchar(15) NOT NULL,
  `reason` varchar(100) NOT NULL,
  `apply_hard_copy` text DEFAULT NULL,
  `apply_date` varchar(20) NOT NULL,
  `approve_date` varchar(20) NOT NULL,
  `approved_by` varchar(30) NOT NULL,
  `leave_type` varchar(50) NOT NULL
) ENGINE=InnoDB DEFAULT CHARSET=latin1;

-- --------------------------------------------------------

--
-- Table structure for table `leave_type`
--

CREATE TABLE `leave_type` (
  `leave_type_id` int(11) NOT NULL,
  `leave_type` varchar(50) NOT NULL,
  `leave_days` int(11) NOT NULL
) ENGINE=InnoDB DEFAULT CHARSET=latin1;

-- --------------------------------------------------------

--
-- Table structure for table `logs`
--

CREATE TABLE `logs` (
  `id` int(11) NOT NULL,
  `uri` varchar(255) NOT NULL,
  `method` varchar(6) NOT NULL,
  `params` text DEFAULT NULL,
  `api_key` varchar(40) NOT NULL,
  `ip_address` varchar(45) NOT NULL,
  `time` int(11) NOT NULL,
  `rtime` float DEFAULT NULL,
  `authorized` varchar(1) NOT NULL,
  `response_code` smallint(6) DEFAULT 0
) ENGINE=InnoDB DEFAULT CHARSET=utf8;

-- --------------------------------------------------------

--
-- Table structure for table `manfucturing_sales`
--

CREATE TABLE `manfucturing_sales` (
  `id` int(11) NOT NULL,
  `farmer_id` int(11) NOT NULL,
  `product_id` int(11) NOT NULL,
  `quantity` int(11) NOT NULL,
  `date` datetime NOT NULL DEFAULT current_timestamp()
) ENGINE=InnoDB DEFAULT CHARSET=utf8mb4;

--
-- Dumping data for table `manfucturing_sales`
--

INSERT INTO `manfucturing_sales` (`id`, `farmer_id`, `product_id`, `quantity`, `date`) VALUES
(5, 17, 1, 10, '2021-03-28 08:39:36');

-- --------------------------------------------------------

--
-- Table structure for table `manufacturing`
--

CREATE TABLE `manufacturing` (
  `product_id` int(11) NOT NULL,
  `raw_material_id` int(11) NOT NULL,
  `quantity` int(10) NOT NULL DEFAULT 0
) ENGINE=InnoDB DEFAULT CHARSET=utf8mb4;

--
-- Dumping data for table `manufacturing`
--

INSERT INTO `manufacturing` (`product_id`, `raw_material_id`, `quantity`) VALUES
(1, 2, 10),
(1, 1, 5);

-- --------------------------------------------------------

--
-- Table structure for table `module`
--

CREATE TABLE `module` (
  `id` int(11) NOT NULL,
  `name` varchar(50) NOT NULL,
  `description` text DEFAULT NULL,
  `image` varchar(255) DEFAULT NULL,
  `directory` varchar(100) DEFAULT NULL,
  `status` tinyint(1) NOT NULL DEFAULT 1
) ENGINE=InnoDB DEFAULT CHARSET=utf8;

--
-- Dumping data for table `module`
--

INSERT INTO `module` (`id`, `name`, `description`, `image`, `directory`, `status`) VALUES
(1, 'invoice', NULL, NULL, NULL, 1),
(2, 'customer', NULL, NULL, NULL, 1),
(3, 'product', NULL, NULL, NULL, 1),
(4, 'supplier', NULL, NULL, NULL, 1),
(5, 'purchase', NULL, NULL, NULL, 1),
(6, 'stock', NULL, NULL, NULL, 1),
(7, 'return', NULL, NULL, NULL, 1),
(8, 'report', NULL, NULL, NULL, 1),
(9, 'accounts', NULL, NULL, NULL, 1),
(10, 'bank', NULL, NULL, NULL, 1),
(11, 'tax', NULL, NULL, NULL, 1),
(12, 'hrm_management', NULL, NULL, NULL, 1),
(13, 'service', NULL, NULL, NULL, 1),
(14, 'commission', NULL, NULL, NULL, 1),
(15, 'setting', NULL, NULL, NULL, 1),
(16, 'quotation', NULL, NULL, NULL, 1);

-- --------------------------------------------------------

--
-- Table structure for table `payroll_holiday`
--

CREATE TABLE `payroll_holiday` (
  `payrl_holi_id` int(10) UNSIGNED NOT NULL,
  `holiday_name` varchar(30) CHARACTER SET latin1 NOT NULL,
  `start_date` varchar(30) CHARACTER SET latin1 NOT NULL,
  `end_date` varchar(30) CHARACTER SET latin1 NOT NULL,
  `no_of_days` varchar(30) CHARACTER SET latin1 NOT NULL,
  `created_by` varchar(30) CHARACTER SET latin1 NOT NULL,
  `updated_by` varchar(30) CHARACTER SET latin1 NOT NULL
) ENGINE=InnoDB DEFAULT CHARSET=utf8;

-- --------------------------------------------------------

--
-- Table structure for table `payroll_tax_setup`
--

CREATE TABLE `payroll_tax_setup` (
  `tax_setup_id` int(10) UNSIGNED NOT NULL,
  `start_amount` decimal(12,2) NOT NULL DEFAULT 0.00,
  `end_amount` decimal(12,2) NOT NULL DEFAULT 0.00,
  `rate` decimal(12,2) NOT NULL DEFAULT 0.00,
  `status` varchar(30) CHARACTER SET latin1 NOT NULL
) ENGINE=InnoDB DEFAULT CHARSET=utf8;

--
-- Dumping data for table `payroll_tax_setup`
--

INSERT INTO `payroll_tax_setup` (`tax_setup_id`, `start_amount`, `end_amount`, `rate`, `status`) VALUES
(1, '2000.00', '5000.00', '1.00', ''),
(4, '1.00', '9999999999.99', '14.00', '');

-- --------------------------------------------------------

--
-- Table structure for table `personal_loan`
--

CREATE TABLE `personal_loan` (
  `per_loan_id` int(11) NOT NULL,
  `transaction_id` varchar(30) NOT NULL,
  `person_id` varchar(30) NOT NULL,
  `debit` decimal(12,2) DEFAULT 0.00,
  `credit` decimal(12,2) NOT NULL DEFAULT 0.00,
  `date` varchar(30) NOT NULL,
  `details` varchar(100) NOT NULL,
  `status` int(11) NOT NULL COMMENT '1=no paid,2=paid'
) ENGINE=InnoDB DEFAULT CHARSET=utf8;

--
-- Dumping data for table `personal_loan`
--

INSERT INTO `personal_loan` (`per_loan_id`, `transaction_id`, `person_id`, `debit`, `credit`, `date`, `details`, `status`) VALUES
(1, '94JGII9QCZ', 'A4YS7ZISHF', '50000.00', '0.00', '2020-08-17', 'Salary Advance', 1),
(2, 'NOBBWZW681', 'A4YS7ZISHF', '0.00', '20000.00', '2020-08-17', 'Advance', 2);

-- --------------------------------------------------------

--
-- Table structure for table `person_information`
--

CREATE TABLE `person_information` (
  `id` int(11) NOT NULL,
  `person_id` varchar(50) NOT NULL,
  `person_name` varchar(50) NOT NULL,
  `person_phone` varchar(50) NOT NULL,
  `person_address` text NOT NULL,
  `status` int(11) NOT NULL
) ENGINE=InnoDB DEFAULT CHARSET=utf8;

--
-- Dumping data for table `person_information`
--

INSERT INTO `person_information` (`id`, `person_id`, `person_name`, `person_phone`, `person_address`, `status`) VALUES
(1, 'MG88B5PWCJ', 'Eve Wanja', '254781236544', 'Thika,Kenya', 1);

-- --------------------------------------------------------

--
-- Table structure for table `person_ledger`
--

CREATE TABLE `person_ledger` (
  `id` int(11) NOT NULL,
  `transaction_id` varchar(50) NOT NULL,
  `person_id` varchar(50) NOT NULL,
  `date` varchar(50) NOT NULL,
  `debit` decimal(12,2) NOT NULL DEFAULT 0.00,
  `credit` decimal(12,2) NOT NULL DEFAULT 0.00,
  `details` text NOT NULL,
  `status` int(11) NOT NULL COMMENT '1=no paid,2=paid'
) ENGINE=InnoDB DEFAULT CHARSET=utf8;

--
-- Dumping data for table `person_ledger`
--

INSERT INTO `person_ledger` (`id`, `transaction_id`, `person_id`, `date`, `debit`, `credit`, `details`, `status`) VALUES
(1, 'KENULZGJNI', 'MG88B5PWCJ', '2020-08-16', '70000.00', '0.00', 'Salary Advance', 1);

-- --------------------------------------------------------

--
-- Table structure for table `pesonal_loan_information`
--

CREATE TABLE `pesonal_loan_information` (
  `id` int(11) NOT NULL,
  `person_id` varchar(50) NOT NULL,
  `person_name` varchar(50) NOT NULL,
  `person_phone` varchar(30) NOT NULL,
  `person_address` text NOT NULL,
  `status` int(11) NOT NULL
) ENGINE=InnoDB DEFAULT CHARSET=utf8;

--
-- Dumping data for table `pesonal_loan_information`
--

INSERT INTO `pesonal_loan_information` (`id`, `person_id`, `person_name`, `person_phone`, `person_address`, `status`) VALUES
(1, 'A4YS7ZISHF', 'Kamua Mo Farm', '078616660000', 'Nairobi,Kenya', 1);

-- --------------------------------------------------------

--
-- Table structure for table `products`
--

CREATE TABLE `products` (
  `id` int(11) NOT NULL,
  `name` varchar(255) NOT NULL,
  `target_quantity` int(11) NOT NULL DEFAULT 0,
  `measurement_unit` varchar(255) NOT NULL,
  `unit_price` double NOT NULL DEFAULT 0
) ENGINE=InnoDB DEFAULT CHARSET=utf8mb4;

--
-- Dumping data for table `products`
--

INSERT INTO `products` (`id`, `name`, `target_quantity`, `measurement_unit`, `unit_price`) VALUES
(1, 'Yoghurt', 9990, 'litre', 150);

-- --------------------------------------------------------

--
-- Table structure for table `product_category`
--

CREATE TABLE `product_category` (
  `id` int(11) NOT NULL,
  `category_id` varchar(255) DEFAULT NULL,
  `category_name` varchar(255) DEFAULT NULL,
  `status` int(11) NOT NULL
) ENGINE=InnoDB DEFAULT CHARSET=utf8;

--
-- Dumping data for table `product_category`
--

INSERT INTO `product_category` (`id`, `category_id`, `category_name`, `status`) VALUES
(1, 'EJ57IJE61DH6AS8', 'AVocado', 1),
(2, 'YK4OKJY5PGDHNXS', 'Mangoes', 1),
(3, 'KY7EDBJQDJV2QHX', 'Packaging Materials ', 1),
(10, 'S9O8FKM58NDHDTB', 'Avocado', 1);

-- --------------------------------------------------------

--
-- Table structure for table `product_information`
--

CREATE TABLE `product_information` (
  `id` int(11) NOT NULL,
  `product_id` varchar(100) NOT NULL,
  `category_id` varchar(255) DEFAULT NULL,
  `product_name` varchar(255) NOT NULL,
  `price` float DEFAULT NULL,
  `unit` varchar(50) DEFAULT NULL,
  `tax` float DEFAULT NULL COMMENT 'Tax in %',
  `serial_no` varchar(200) DEFAULT NULL,
  `product_model` varchar(100) DEFAULT NULL,
  `product_details` varchar(255) DEFAULT NULL,
  `image` varchar(255) DEFAULT NULL,
  `status` int(11) DEFAULT NULL,
  `tax0` text DEFAULT NULL,
  `tax1` text DEFAULT NULL
) ENGINE=MyISAM DEFAULT CHARSET=utf8;

--
-- Dumping data for table `product_information`
--

INSERT INTO `product_information` (`id`, `product_id`, `category_id`, `product_name`, `price`, `unit`, `tax`, `serial_no`, `product_model`, `product_details`, `image`, `status`, `tax0`, `tax1`) VALUES
(1, '44944985', 'S9O8FKM58NDHDTB', 'Haas Avocado', 600, 'Boxes', 0, '12112121', 'Hass', '', 'https://srp.abcsofpregnancy.com/my-assets/image/product/5c62dbfb4f7281c25a3e758fb08dd5dc.jpg', 1, '0.14', '0.06'),
(2, '81345531', 'YK4OKJY5PGDHNXS', 'Mango', 200, 'Boxes', 0, '110110110', 'Ngowe', 'Ngowe Market Crates', 'https://srp.abcsofpregnancy.com/./my-assets/image/product/f9de1c33535197ce686aa18c746bfc52.jpg', 1, NULL, NULL),
(8, '24631788', 'YK4OKJY5PGDHNXS', 'Mango (Kent)', 500, 'Boxes', 0, '12345', 'Kent', '', 'https://srp.abcsofpregnancy.com/my-assets/image/product.png', 1, '0.16', '0.06'),
(4, '21212121', 'S9O8FKM58NDHDTB', 'Avocado', 600, 'Boxes', 0, '111111110', 'Hass Avocado', '', 'https://srp.abcsofpregnancy.com/my-assets/image/product.png', 1, '0.16', '0.05'),
(5, '8826592', 'YK4OKJY5PGDHNXS', 'Mango', 300, '', 0, '2345654', 'Ngowe', '', 'https://srp.abcsofpregnancy.com/my-assets/image/product.png', 1, NULL, NULL),
(9, '18682532', 'KY7EDBJQDJV2QHX', 'Cartons', 1, '1', 0, '100100100', 'Cartons', '', 'https://srp.abcsofpregnancy.com/my-assets/image/product.png', 1, '0.14', '0');

-- --------------------------------------------------------

--
-- Table structure for table `product_purchase`
--

CREATE TABLE `product_purchase` (
  `id` int(11) NOT NULL,
  `purchase_id` bigint(20) NOT NULL,
  `chalan_no` varchar(100) NOT NULL,
  `supplier_id` bigint(20) NOT NULL,
  `grand_total_amount` decimal(12,2) NOT NULL DEFAULT 0.00,
  `paid_amount` decimal(10,2) DEFAULT 0.00,
  `due_amount` decimal(10,2) DEFAULT 0.00,
  `total_discount` decimal(10,2) DEFAULT NULL,
  `purchase_date` varchar(50) DEFAULT NULL,
  `purchase_details` text DEFAULT NULL,
  `status` int(11) NOT NULL,
  `bank_id` varchar(30) DEFAULT NULL,
  `payment_type` int(11) NOT NULL
) ENGINE=MyISAM DEFAULT CHARSET=utf8;

-- --------------------------------------------------------

--
-- Table structure for table `product_purchase_details`
--

CREATE TABLE `product_purchase_details` (
  `id` int(11) NOT NULL,
  `purchase_detail_id` varchar(100) DEFAULT NULL,
  `purchase_id` bigint(20) DEFAULT NULL,
  `product_id` varchar(30) DEFAULT NULL,
  `quantity` decimal(10,2) DEFAULT NULL,
  `rate` decimal(10,2) DEFAULT NULL,
  `total_amount` decimal(10,2) DEFAULT NULL,
  `discount` float DEFAULT NULL,
  `status` int(11) DEFAULT NULL
) ENGINE=MyISAM DEFAULT CHARSET=utf8;

-- --------------------------------------------------------

--
-- Table structure for table `product_return`
--

CREATE TABLE `product_return` (
  `return_id` varchar(30) CHARACTER SET latin1 NOT NULL,
  `product_id` varchar(20) CHARACTER SET latin1 NOT NULL,
  `invoice_id` varchar(20) CHARACTER SET latin1 NOT NULL,
  `purchase_id` varchar(30) CHARACTER SET latin1 DEFAULT NULL,
  `date_purchase` varchar(20) CHARACTER SET latin1 NOT NULL,
  `date_return` varchar(30) CHARACTER SET latin1 NOT NULL,
  `byy_qty` float NOT NULL,
  `ret_qty` float NOT NULL,
  `customer_id` varchar(20) CHARACTER SET latin1 NOT NULL,
  `supplier_id` varchar(30) CHARACTER SET latin1 NOT NULL,
  `product_rate` decimal(10,2) NOT NULL DEFAULT 0.00,
  `deduction` float NOT NULL,
  `total_deduct` decimal(10,2) NOT NULL DEFAULT 0.00,
  `total_tax` decimal(10,2) NOT NULL DEFAULT 0.00,
  `total_ret_amount` decimal(10,2) NOT NULL DEFAULT 0.00,
  `net_total_amount` decimal(10,2) NOT NULL DEFAULT 0.00,
  `reason` text CHARACTER SET latin1 NOT NULL,
  `usablity` int(11) NOT NULL
) ENGINE=InnoDB DEFAULT CHARSET=utf8;

-- --------------------------------------------------------

--
-- Table structure for table `product_service`
--

CREATE TABLE `product_service` (
  `service_id` int(11) NOT NULL,
  `service_name` varchar(250) NOT NULL,
  `description` text NOT NULL,
  `charge` decimal(10,2) NOT NULL DEFAULT 0.00,
  `tax0` text DEFAULT NULL,
  `tax1` text DEFAULT NULL
) ENGINE=InnoDB DEFAULT CHARSET=utf8;

-- --------------------------------------------------------

--
-- Table structure for table `quotation`
--

CREATE TABLE `quotation` (
  `id` int(11) NOT NULL,
  `quotation_id` varchar(30) NOT NULL,
  `quot_description` text NOT NULL,
  `customer_id` varchar(30) NOT NULL,
  `quotdate` date NOT NULL,
  `expire_date` date DEFAULT NULL,
  `item_total_amount` decimal(12,2) NOT NULL,
  `item_total_dicount` decimal(10,2) NOT NULL DEFAULT 0.00,
  `item_total_tax` decimal(10,2) NOT NULL DEFAULT 0.00,
  `service_total_amount` decimal(10,2) NOT NULL DEFAULT 0.00,
  `service_total_discount` decimal(10,2) NOT NULL DEFAULT 0.00,
  `service_total_tax` decimal(10,2) NOT NULL DEFAULT 0.00,
  `quot_dis_item` decimal(10,2) NOT NULL DEFAULT 0.00,
  `quot_dis_service` decimal(10,2) NOT NULL DEFAULT 0.00,
  `quot_no` varchar(50) NOT NULL,
  `create_by` varchar(30) NOT NULL,
  `create_date` date NOT NULL,
  `update_by` varchar(30) DEFAULT NULL,
  `update_date` date DEFAULT NULL,
  `status` tinyint(4) NOT NULL,
  `cust_show` tinyint(4) DEFAULT NULL
) ENGINE=InnoDB DEFAULT CHARSET=utf8;

-- --------------------------------------------------------

--
-- Table structure for table `quotation_service_used`
--

CREATE TABLE `quotation_service_used` (
  `id` int(11) NOT NULL,
  `quot_id` varchar(20) NOT NULL,
  `service_id` int(11) NOT NULL,
  `qty` decimal(10,2) NOT NULL DEFAULT 0.00,
  `charge` decimal(10,2) NOT NULL DEFAULT 0.00,
  `discount` decimal(10,2) NOT NULL DEFAULT 0.00,
  `discount_amount` decimal(10,2) NOT NULL DEFAULT 0.00,
  `tax` decimal(10,2) NOT NULL DEFAULT 0.00,
  `total` decimal(10,2) NOT NULL DEFAULT 0.00
) ENGINE=InnoDB DEFAULT CHARSET=utf8;

-- --------------------------------------------------------

--
-- Table structure for table `quotation_taxinfo`
--

CREATE TABLE `quotation_taxinfo` (
  `id` int(11) NOT NULL,
  `date` date NOT NULL,
  `customer_id` int(11) NOT NULL,
  `relation_id` varchar(30) NOT NULL,
  `tax0` text DEFAULT NULL,
  `tax1` text DEFAULT NULL
) ENGINE=InnoDB DEFAULT CHARSET=utf8;

-- --------------------------------------------------------

--
-- Table structure for table `quot_products_used`
--

CREATE TABLE `quot_products_used` (
  `id` int(11) NOT NULL,
  `quot_id` varchar(100) NOT NULL,
  `product_id` varchar(100) NOT NULL,
  `serial_no` varchar(30) DEFAULT NULL,
  `description` varchar(250) DEFAULT NULL,
  `used_qty` decimal(10,2) DEFAULT NULL,
  `rate` decimal(10,2) DEFAULT NULL,
  `supplier_rate` float DEFAULT NULL,
  `total_price` decimal(12,2) DEFAULT NULL,
  `discount` decimal(10,2) DEFAULT NULL,
  `discount_per` varchar(15) DEFAULT NULL,
  `tax` decimal(10,2) DEFAULT NULL
) ENGINE=MyISAM DEFAULT CHARSET=utf8;

-- --------------------------------------------------------

--
-- Table structure for table `raw_materials`
--

CREATE TABLE `raw_materials` (
  `id` int(11) NOT NULL,
  `name` varchar(255) NOT NULL,
  `unit_price` double NOT NULL DEFAULT 0,
  `quantity` int(10) NOT NULL,
  `unit_measure` varchar(255) NOT NULL
) ENGINE=InnoDB DEFAULT CHARSET=utf8mb4;

--
-- Dumping data for table `raw_materials`
--

INSERT INTO `raw_materials` (`id`, `name`, `unit_price`, `quantity`, `unit_measure`) VALUES
(1, 'Milk', 30, 25, 'ltr'),
(2, 'Sugar', 120, 170, 'Kgs'),
(3, 'Creme', 100, 188, 'kgs');

-- --------------------------------------------------------

--
-- Table structure for table `role_permission`
--

CREATE TABLE `role_permission` (
  `id` int(11) NOT NULL,
  `fk_module_id` int(11) NOT NULL,
  `role_id` int(11) NOT NULL,
  `create` tinyint(1) DEFAULT NULL,
  `read` tinyint(1) DEFAULT NULL,
  `update` tinyint(1) DEFAULT NULL,
  `delete` tinyint(1) DEFAULT NULL
) ENGINE=InnoDB DEFAULT CHARSET=utf8;

-- --------------------------------------------------------

--
-- Table structure for table `routes`
--

CREATE TABLE `routes` (
  `id` int(11) NOT NULL,
  `name` varchar(255) NOT NULL
) ENGINE=InnoDB DEFAULT CHARSET=utf8mb4;

--
-- Dumping data for table `routes`
--

INSERT INTO `routes` (`id`, `name`) VALUES
(1, 'NBI'),
(2, 'NKR'),
(3, 'Juja');

-- --------------------------------------------------------

--
-- Table structure for table `salary_sheet_generate`
--

CREATE TABLE `salary_sheet_generate` (
  `ssg_id` int(10) UNSIGNED NOT NULL,
  `name` varchar(30) CHARACTER SET latin1 DEFAULT NULL,
  `gdate` varchar(30) DEFAULT NULL,
  `start_date` varchar(30) CHARACTER SET latin1 NOT NULL,
  `end_date` varchar(30) CHARACTER SET latin1 NOT NULL,
  `generate_by` varchar(30) CHARACTER SET latin1 NOT NULL
) ENGINE=InnoDB DEFAULT CHARSET=utf8;

-- --------------------------------------------------------

--
-- Table structure for table `salary_type`
--

CREATE TABLE `salary_type` (
  `salary_type_id` int(11) NOT NULL,
  `sal_name` varchar(100) NOT NULL,
  `salary_type` varchar(50) NOT NULL,
  `status` varchar(30) NOT NULL
) ENGINE=InnoDB DEFAULT CHARSET=utf8;

-- --------------------------------------------------------

--
-- Table structure for table `sec_role`
--

CREATE TABLE `sec_role` (
  `id` int(11) NOT NULL,
  `type` varchar(100) CHARACTER SET utf8 NOT NULL
) ENGINE=InnoDB DEFAULT CHARSET=latin1;

-- --------------------------------------------------------

--
-- Table structure for table `sec_userrole`
--

CREATE TABLE `sec_userrole` (
  `id` int(11) NOT NULL,
  `user_id` varchar(50) COLLATE utf8_unicode_ci NOT NULL,
  `roleid` int(11) NOT NULL,
  `createby` varchar(50) COLLATE utf8_unicode_ci NOT NULL,
  `createdate` datetime NOT NULL
) ENGINE=InnoDB DEFAULT CHARSET=utf8 COLLATE=utf8_unicode_ci;

-- --------------------------------------------------------

--
-- Table structure for table `service_invoice`
--

CREATE TABLE `service_invoice` (
  `id` int(11) NOT NULL,
  `voucher_no` varchar(30) NOT NULL,
  `date` date NOT NULL,
  `employee_id` varchar(100) DEFAULT NULL,
  `customer_id` varchar(30) NOT NULL,
  `total_amount` decimal(20,2) NOT NULL DEFAULT 0.00,
  `total_discount` decimal(20,2) NOT NULL DEFAULT 0.00,
  `invoice_discount` decimal(10,2) NOT NULL DEFAULT 0.00,
  `total_tax` decimal(10,2) NOT NULL DEFAULT 0.00,
  `paid_amount` decimal(10,2) NOT NULL DEFAULT 0.00,
  `due_amount` decimal(10,2) NOT NULL DEFAULT 0.00,
  `shipping_cost` decimal(10,2) NOT NULL DEFAULT 0.00,
  `previous` decimal(10,2) NOT NULL DEFAULT 0.00,
  `details` varchar(250) NOT NULL
) ENGINE=InnoDB DEFAULT CHARSET=utf8;

-- --------------------------------------------------------

--
-- Table structure for table `service_invoice_details`
--

CREATE TABLE `service_invoice_details` (
  `id` int(11) NOT NULL,
  `service_id` int(11) NOT NULL,
  `service_inv_id` varchar(30) NOT NULL,
  `qty` decimal(10,2) NOT NULL DEFAULT 0.00,
  `charge` decimal(10,2) NOT NULL DEFAULT 0.00,
  `discount` decimal(10,2) NOT NULL DEFAULT 0.00,
  `discount_amount` decimal(10,2) NOT NULL DEFAULT 0.00,
  `total` decimal(10,2) NOT NULL DEFAULT 0.00
) ENGINE=InnoDB DEFAULT CHARSET=utf8;

-- --------------------------------------------------------

--
-- Table structure for table `sick_cows`
--

CREATE TABLE `sick_cows` (
  `id` int(11) NOT NULL,
  `cow_id` int(11) NOT NULL,
  `disease_id` int(11) NOT NULL,
  `status` enum('Died','Sick','Improving','Healed') NOT NULL DEFAULT 'Sick'
) ENGINE=InnoDB DEFAULT CHARSET=utf8mb4;

--
-- Dumping data for table `sick_cows`
--

INSERT INTO `sick_cows` (`id`, `cow_id`, `disease_id`, `status`) VALUES
(1, 2, 1, 'Sick'),
(2, 2, 3, 'Sick'),
(3, 3, 4, 'Improving');

-- --------------------------------------------------------

--
-- Table structure for table `sms_settings`
--

CREATE TABLE `sms_settings` (
  `id` int(11) NOT NULL,
  `api_key` varchar(100) DEFAULT NULL,
  `api_secret` varchar(100) DEFAULT NULL,
  `from` varchar(100) DEFAULT NULL,
  `isinvoice` int(11) NOT NULL DEFAULT 0,
  `isservice` int(11) NOT NULL DEFAULT 0,
  `isreceive` int(11) NOT NULL DEFAULT 0
) ENGINE=InnoDB DEFAULT CHARSET=utf8;

--
-- Dumping data for table `sms_settings`
--

INSERT INTO `sms_settings` (`id`, `api_key`, `api_secret`, `from`, `isinvoice`, `isservice`, `isreceive`) VALUES
(1, '5d6db102011', '456452dfgdf', '8801645452', 1, 1, 1);

-- --------------------------------------------------------

--
-- Table structure for table `sub_module`
--

CREATE TABLE `sub_module` (
  `id` int(11) NOT NULL,
  `mid` int(11) NOT NULL,
  `name` varchar(100) CHARACTER SET utf8 NOT NULL,
  `description` text CHARACTER SET utf8 DEFAULT NULL,
  `image` varchar(100) CHARACTER SET utf8 DEFAULT NULL,
  `directory` varchar(50) CHARACTER SET utf8 DEFAULT NULL,
  `status` tinyint(1) NOT NULL
) ENGINE=InnoDB DEFAULT CHARSET=latin1;

--
-- Dumping data for table `sub_module`
--

INSERT INTO `sub_module` (`id`, `mid`, `name`, `description`, `image`, `directory`, `status`) VALUES
(1, 1, 'new_invoice', NULL, NULL, 'new_invoice', 1),
(2, 1, 'manage_invoice', NULL, NULL, 'manage_invoice', 1),
(3, 1, 'pos_invoice', NULL, NULL, 'pos_invoice', 1),
(4, 9, 'c_o_a', NULL, NULL, 'show_tree', 1),
(5, 9, 'supplier_payment', NULL, NULL, 'supplier_payment', 1),
(6, 9, 'customer_receive', NULL, NULL, 'customer_receive', 1),
(7, 9, 'debit_voucher', NULL, NULL, 'debit_voucher', 1),
(8, 9, 'credit_voucher', NULL, NULL, 'credit_voucher', 1),
(9, 9, 'voucher_approval', NULL, NULL, 'aprove_v', 1),
(10, 9, 'contra_voucher', NULL, NULL, 'contra_voucher', 1),
(11, 9, 'journal_voucher', NULL, NULL, 'journal_voucher', 1),
(12, 9, 'report', NULL, NULL, 'ac_report', 1),
(13, 9, 'cash_book', NULL, NULL, 'cash_book', 1),
(14, 9, 'Inventory_ledger', NULL, NULL, 'inventory_ledger', 1),
(15, 9, 'bank_book', NULL, NULL, 'bank_book', 1),
(16, 9, 'general_ledger', NULL, NULL, 'general_ledger', 1),
(17, 9, 'trial_balance', NULL, NULL, 'trial_balance', 1),
(18, 9, 'cash_flow', NULL, NULL, 'cash_flow_report', 1),
(19, 9, 'coa_print', NULL, NULL, 'coa_print', 1),
(21, 3, 'category', NULL, NULL, 'manage_category', 1),
(22, 3, 'add_product', NULL, NULL, 'create_product', 1),
(23, 3, 'import_product_csv', NULL, NULL, 'add_product_csv', 1),
(24, 3, 'manage_product', NULL, NULL, 'manage_product', 1),
(25, 2, 'add_customer', NULL, NULL, 'add_customer', 1),
(26, 2, 'manage_customer', NULL, NULL, 'manage_customer', 1),
(27, 2, 'credit_customer', NULL, NULL, 'credit_customer', 1),
(28, 2, 'paid_customer', NULL, NULL, 'paid_customer', 1),
(30, 3, 'unit', NULL, NULL, 'manage_unit', 1),
(31, 4, 'add_supplier', NULL, NULL, 'add_supplier', 1),
(32, 4, 'manage_supplier', NULL, NULL, 'manage_supplier', 1),
(33, 4, 'supplier_ledger', NULL, NULL, 'supplier_ledger_report', 1),
(35, 5, 'add_purchase', NULL, NULL, 'add_purchase', 1),
(36, 5, 'manage_purchase', NULL, NULL, 'manage_purchase', 1),
(37, 7, 'return', NULL, NULL, 'add_return', 1),
(38, 7, 'stock_return_list', NULL, NULL, 'return_list', 1),
(39, 7, 'supplier_return_list', NULL, NULL, 'supplier_return_list', 1),
(40, 7, 'wastage_return_list', NULL, NULL, 'wastage_return_list', 1),
(41, 11, 'tax_settings', NULL, NULL, 'tax_settings', 1),
(43, 6, 'stock_report', NULL, NULL, 'stock_report', 1),
(46, 8, 'closing', NULL, NULL, 'add_closing', 1),
(47, 8, 'closing_report', NULL, NULL, 'closing_report', 1),
(48, 8, 'todays_report', NULL, NULL, 'all_report', 1),
(49, 8, 'todays_customer_receipt', NULL, NULL, 'todays_customer_receipt', 1),
(50, 8, 'sales_report', NULL, NULL, 'todays_sales_report', 1),
(51, 8, 'due_report', NULL, NULL, 'retrieve_dateWise_DueReports', 1),
(52, 8, 'purchase_report', NULL, NULL, 'todays_purchase_report', 1),
(53, 8, 'purchase_report_category_wise', NULL, NULL, 'purchase_report_category_wise', 1),
(54, 8, 'sales_report_product_wise', NULL, NULL, 'product_sales_reports_date_wise', 1),
(55, 8, 'sales_report_category_wise', NULL, NULL, 'sales_report_category_wise', 1),
(56, 10, 'add_new_bank', NULL, NULL, 'add_bank', 1),
(57, 10, 'bank_transaction', NULL, NULL, 'bank_transaction', 1),
(58, 10, 'manage_bank', NULL, NULL, 'bank_list', 1),
(59, 14, 'generate_commission', NULL, NULL, 'commission', 1),
(60, 12, 'add_designation', NULL, NULL, 'add_designation', 1),
(61, 12, 'manage_designation', NULL, NULL, 'manage_designation', 1),
(62, 12, 'add_employee', NULL, NULL, 'add_employee', 1),
(63, 12, 'manage_employee', NULL, NULL, 'manage_employee', 1),
(64, 12, 'add_attendance', NULL, NULL, 'add_attendance', 1),
(65, 12, 'manage_attendance', NULL, NULL, 'manage_attendance', 1),
(66, 12, 'attendance_report', NULL, NULL, 'attendance_report', 1),
(67, 12, 'add_benefits', NULL, NULL, 'add_benefits', 1),
(68, 12, 'manage_benefits', NULL, NULL, 'manage_benefits', 1),
(69, 12, 'add_salary_setup', NULL, NULL, 'add_salary_setup', 1),
(70, 12, 'manage_salary_setup', NULL, NULL, 'manage_salary_setup', 1),
(71, 12, 'salary_generate', NULL, NULL, 'salary_generate', 1),
(72, 12, 'manage_salary_generate', NULL, NULL, 'manage_salary_generate', 1),
(73, 12, 'salary_payment', NULL, NULL, 'salary_payment', 1),
(74, 12, 'add_expense_item', NULL, NULL, 'add_expense_item', 1),
(75, 12, 'manage_expense_item', NULL, NULL, 'manage_expense_item', 1),
(76, 12, 'add_expense', NULL, NULL, 'add_expense', 1),
(77, 12, 'manage_expense', NULL, NULL, 'manage_expense', 1),
(78, 12, 'expense_statement', NULL, NULL, 'expense_statement', 1),
(79, 12, 'add_person_officeloan', NULL, NULL, 'add1_person', 1),
(80, 12, 'add_loan_officeloan', NULL, NULL, 'add_office_loan', 1),
(81, 12, 'add_payment_officeloan', NULL, NULL, 'add_loan_payment', 1),
(82, 12, 'manage_loan_officeloan', NULL, NULL, 'manage1_person', 1),
(83, 12, 'add_person_personalloan', NULL, NULL, 'add_person', 1),
(84, 12, 'add_loan_personalloan', NULL, NULL, 'add_loan', 1),
(85, 12, 'add_payment_personalloan', NULL, NULL, 'add_payment', 1),
(86, 12, 'manage_loan_personalloan', NULL, NULL, 'manage_person', 1),
(87, 15, 'manage_company', NULL, NULL, 'manage_company', 1),
(88, 15, 'add_user', NULL, NULL, 'add_user', 1),
(89, 15, 'manage_users', NULL, NULL, 'manage_user', 1),
(90, 15, 'language', NULL, NULL, 'add_language', 1),
(91, 15, 'currency', NULL, NULL, 'add_currency', 1),
(92, 15, 'setting', NULL, NULL, 'soft_setting', 1),
(93, 15, 'add_role', NULL, NULL, 'add_role', 1),
(94, 15, 'role_list', NULL, NULL, 'role_list', 1),
(95, 15, 'user_assign_role', NULL, NULL, 'user_assign', 1),
(96, 15, 'Permission', NULL, NULL, NULL, 1),
(97, 8, 'shipping_cost_report', NULL, NULL, 'shipping_cost_report', 1),
(98, 8, 'user_wise_sales_report', NULL, NULL, 'user_wise_sales_report', 1),
(99, 8, 'invoice_return', NULL, NULL, 'invoice_return', 1),
(100, 8, 'supplier_return', NULL, NULL, 'supplier_return', 1),
(101, 8, 'tax_report', NULL, NULL, 'tax_report', 1),
(102, 8, 'profit_report', NULL, NULL, 'profit_report', 1),
(103, 11, 'add_incometax', NULL, NULL, 'add_incometax', 1),
(104, 11, 'manage_income_tax', NULL, NULL, 'manage_income_tax', 1),
(105, 13, 'add_service', NULL, NULL, 'create_service', 1),
(106, 13, 'manage_service', NULL, NULL, 'manage_service', 1),
(107, 13, 'service_invoice', NULL, NULL, 'service_invoice', 1),
(108, 13, 'manage_service_invoice', NULL, NULL, 'manage_service_invoice', 1),
(109, 11, 'tax_report', NULL, NULL, 'tax_report', 1),
(110, 11, 'invoice_wise_tax_report', NULL, NULL, 'invoice_wise_tax_report', 1),
(111, 2, 'customer_advance', NULL, NULL, 'customer_advance', 1),
(112, 4, 'supplier_advance', NULL, NULL, 'supplier_advance', 1),
(113, 2, 'customer_ledger', NULL, NULL, 'customer_ledger', 1),
(114, 1, 'gui_pos', NULL, NULL, 'gui_pos', 1),
(115, 15, 'sms_configure', NULL, NULL, 'sms_configure', 1),
(116, 15, 'backup_restore', NULL, NULL, 'back_up', 1),
(117, 15, 'import', NULL, NULL, 'sql_import', 1),
(118, 15, 'restore', NULL, NULL, 'restore', 1),
(119, 16, 'add_quotation', NULL, NULL, 'add_quotation', 1),
(120, 16, 'manage_quotation', NULL, NULL, 'manage_quotation', 1),
(121, 16, 'add_to_invoice', NULL, NULL, 'add_to_invoice', 1);

-- --------------------------------------------------------

--
-- Table structure for table `supplier_information`
--

CREATE TABLE `supplier_information` (
  `supplier_id` bigint(20) NOT NULL,
  `supplier_name` varchar(255) NOT NULL,
  `address` varchar(255) DEFAULT NULL,
  `address2` text NOT NULL,
  `mobile` varchar(100) DEFAULT NULL,
  `emailnumber` varchar(200) DEFAULT NULL,
  `email_address` varchar(200) DEFAULT NULL,
  `contact` varchar(100) DEFAULT NULL,
  `phone` varchar(50) DEFAULT NULL,
  `fax` varchar(100) DEFAULT NULL,
  `city` text DEFAULT NULL,
  `state` text DEFAULT NULL,
  `zip` varchar(50) DEFAULT NULL,
  `country` varchar(250) DEFAULT NULL,
  `details` varchar(255) DEFAULT NULL,
  `status` int(11) NOT NULL
) ENGINE=MyISAM DEFAULT CHARSET=utf8;

--
-- Dumping data for table `supplier_information`
--

INSERT INTO `supplier_information` (`supplier_id`, `supplier_name`, `address`, `address2`, `mobile`, `emailnumber`, `email_address`, `contact`, `phone`, `fax`, `city`, `state`, `zip`, `country`, `details`, `status`) VALUES
(1, 'Farmtest', '', '', '', '', '', '', '', '', '', '', '', '', '', 1);

-- --------------------------------------------------------

--
-- Table structure for table `supplier_product`
--

CREATE TABLE `supplier_product` (
  `supplier_pr_id` int(11) NOT NULL,
  `product_id` varchar(30) CHARACTER SET utf8 NOT NULL,
  `products_model` varchar(30) CHARACTER SET latin1 DEFAULT NULL,
  `supplier_id` bigint(20) NOT NULL,
  `supplier_price` float DEFAULT NULL
) ENGINE=InnoDB DEFAULT CHARSET=utf8 COLLATE=utf8_unicode_ci;

--
-- Dumping data for table `supplier_product`
--

INSERT INTO `supplier_product` (`supplier_pr_id`, `product_id`, `products_model`, `supplier_id`, `supplier_price`) VALUES
(1, '29892925', NULL, 0, 0),
(2, '42242176', NULL, 0, 0);

-- --------------------------------------------------------

--
-- Table structure for table `synchronizer_setting`
--

CREATE TABLE `synchronizer_setting` (
  `id` int(11) NOT NULL,
  `hostname` varchar(100) NOT NULL,
  `username` varchar(100) NOT NULL,
  `password` varchar(100) NOT NULL,
  `port` varchar(10) NOT NULL,
  `debug` varchar(10) NOT NULL,
  `project_root` varchar(100) NOT NULL
) ENGINE=InnoDB DEFAULT CHARSET=utf8;

-- --------------------------------------------------------

--
-- Table structure for table `tax_collection`
--

CREATE TABLE `tax_collection` (
  `id` int(11) NOT NULL,
  `date` date NOT NULL,
  `customer_id` varchar(30) NOT NULL,
  `relation_id` varchar(30) NOT NULL,
  `tax0` text DEFAULT NULL,
  `tax1` text DEFAULT NULL
) ENGINE=InnoDB DEFAULT CHARSET=utf8;

-- --------------------------------------------------------

--
-- Table structure for table `tax_settings`
--

CREATE TABLE `tax_settings` (
  `id` int(11) NOT NULL,
  `default_value` float NOT NULL,
  `tax_name` varchar(250) NOT NULL,
  `nt` int(11) NOT NULL,
  `reg_no` varchar(100) NOT NULL,
  `is_show` tinyint(4) NOT NULL DEFAULT 1
) ENGINE=InnoDB DEFAULT CHARSET=utf8;

--
-- Dumping data for table `tax_settings`
--

INSERT INTO `tax_settings` (`id`, `default_value`, `tax_name`, `nt`, `reg_no`, `is_show`) VALUES
(1, 4, 'PAYE', 2, '123', 1),
(2, 1, 'STY', 2, '001', 1);

-- --------------------------------------------------------

--
-- Table structure for table `units`
--

CREATE TABLE `units` (
  `id` int(11) NOT NULL,
  `unit_id` varchar(255) CHARACTER SET latin1 NOT NULL,
  `unit_name` varchar(255) CHARACTER SET latin1 NOT NULL,
  `status` int(11) NOT NULL
) ENGINE=InnoDB DEFAULT CHARSET=utf8;

--
-- Dumping data for table `units`
--

INSERT INTO `units` (`id`, `unit_id`, `unit_name`, `status`) VALUES
(1, 'S57NNQQQJYUFI1F', 'Hass', 1);

-- --------------------------------------------------------

--
-- Table structure for table `users`
--

CREATE TABLE `users` (
  `id` int(11) NOT NULL,
  `user_id` varchar(15) NOT NULL,
  `last_name` varchar(255) NOT NULL,
  `first_name` varchar(255) NOT NULL,
  `company_name` varchar(250) DEFAULT NULL,
  `address` text DEFAULT NULL,
  `phone` varchar(20) DEFAULT NULL,
  `gender` int(11) DEFAULT NULL,
  `date_of_birth` varchar(255) DEFAULT NULL,
  `logo` varchar(250) DEFAULT NULL,
  `status` int(11) NOT NULL
) ENGINE=MyISAM DEFAULT CHARSET=utf8;

--
-- Dumping data for table `users`
--

INSERT INTO `users` (`id`, `user_id`, `last_name`, `first_name`, `company_name`, `address`, `phone`, `gender`, `date_of_birth`, `logo`, `status`) VALUES
(1, '1', '', '', 'Nexttech', '315-00900', '0714093742', 1, NULL, 'assets/dist/img/profile_picture/e7d0f10310f0e6abd230ffcd1cb94c78.jpg', 1);

-- --------------------------------------------------------

--
-- Table structure for table `user_login`
--

CREATE TABLE `user_login` (
  `id` int(11) NOT NULL,
  `user_id` varchar(15) NOT NULL,
  `username` varchar(255) NOT NULL,
  `password` varchar(255) DEFAULT NULL,
  `user_type` int(11) DEFAULT NULL,
  `security_code` varchar(255) DEFAULT NULL,
  `status` int(11) NOT NULL
) ENGINE=MyISAM DEFAULT CHARSET=utf8;

--
-- Dumping data for table `user_login`
--

INSERT INTO `user_login` (`id`, `user_id`, `username`, `password`, `user_type`, `security_code`, `status`) VALUES
(1, '1', 'kevoh@gmail.com', '41d99b369894eb1ec3f461135132d8bb', 1, 'JON4E-ZN7HA6BM-W7OTUZQBAX9D', 1),
(2, '33', 'elvis@gmil.com', '41d99b369894eb1ec3f461135132d8bb', 1, 'JON4E-ZN7HA6BM-W7OTUZQBAX9E', 1);

-- --------------------------------------------------------

--
-- Table structure for table `vets`
--

CREATE TABLE `vets` (
  `id` int(10) NOT NULL,
  `name` varchar(100) NOT NULL,
  `location` varchar(100) NOT NULL,
  `phone` varchar(13) NOT NULL,
  `id_no` varchar(8) NOT NULL,
  `route_id` int(10) NOT NULL,
  `semen_count` int(4) NOT NULL,
  `semen_bp` double NOT NULL DEFAULT 0,
  `semen_sp` double NOT NULL DEFAULT 0
) ENGINE=InnoDB DEFAULT CHARSET=utf8mb4;

--
-- Dumping data for table `vets`
--

INSERT INTO `vets` (`id`, `name`, `location`, `phone`, `id_no`, `route_id`, `semen_count`, `semen_bp`, `semen_sp`) VALUES
(5, 'Dr. Vet', 'Nairobi', '0712345678', '11234567', 1, 88, 120, 150);

-- --------------------------------------------------------

--
-- Table structure for table `web_setting`
--

CREATE TABLE `web_setting` (
  `setting_id` int(11) NOT NULL,
  `logo` varchar(255) DEFAULT NULL,
  `invoice_logo` varchar(255) DEFAULT NULL,
  `favicon` varchar(255) DEFAULT NULL,
  `currency` varchar(10) DEFAULT NULL,
  `timezone` varchar(150) NOT NULL,
  `currency_position` varchar(10) DEFAULT NULL,
  `footer_text` varchar(255) DEFAULT NULL,
  `language` varchar(255) DEFAULT NULL,
  `rtr` varchar(255) DEFAULT NULL,
  `captcha` int(11) DEFAULT 1 COMMENT '0=active,1=inactive',
  `site_key` varchar(250) DEFAULT NULL,
  `secret_key` varchar(250) DEFAULT NULL,
  `discount_type` int(11) DEFAULT 1
) ENGINE=InnoDB DEFAULT CHARSET=utf8;

--
-- Dumping data for table `web_setting`
--

INSERT INTO `web_setting` (`setting_id`, `logo`, `invoice_logo`, `favicon`, `currency`, `timezone`, `currency_position`, `footer_text`, `language`, `rtr`, `captcha`, `site_key`, `secret_key`, `discount_type`) VALUES
(1, 'my-assets/image/logo/1206e551e00e501b3defafdb1416cdad.png', 'my-assets/image/logo/1206e551e00e501b3defafdb1416cdad.png', 'my-assets/image/logo/1206e551e00e501b3defafdb1416cdad.png', 'KES', 'Africa/Nairobi', '0', 'Copyright 2019-2020 Nexttech. All rights reserved.', 'english', '0', 1, '6LdiKhsUAAAAAMV4jQRmNYdZy2kXEuFe1HrdP5tt', '6LdiKhsUAAAAAMV4jQRmNYdZy2kXEuFe1HrdP5tt', 1);

-- --------------------------------------------------------

--
-- Table structure for table `weekly_holiday`
--

CREATE TABLE `weekly_holiday` (
  `wk_id` int(11) NOT NULL,
  `dayname` varchar(30) CHARACTER SET latin1 NOT NULL
) ENGINE=InnoDB DEFAULT CHARSET=utf8;

--
-- Indexes for dumped tables
--

--
-- Indexes for table `acc_coa`
--
ALTER TABLE `acc_coa`
  ADD PRIMARY KEY (`HeadName`),
  ADD KEY `HeadCode` (`HeadCode`),
  ADD KEY `customer_id` (`customer_id`),
  ADD KEY `supplier_id` (`supplier_id`);

--
-- Indexes for table `acc_transaction`
--
ALTER TABLE `acc_transaction`
  ADD UNIQUE KEY `ID` (`ID`),
  ADD KEY `COAID` (`COAID`);

--
-- Indexes for table `app_setting`
--
ALTER TABLE `app_setting`
  ADD PRIMARY KEY (`id`);

--
-- Indexes for table `attendance`
--
ALTER TABLE `attendance`
  ADD PRIMARY KEY (`att_id`),
  ADD KEY `employee_id` (`employee_id`);

--
-- Indexes for table `bank_add`
--
ALTER TABLE `bank_add`
  ADD PRIMARY KEY (`id`);

--
-- Indexes for table `bookings`
--
ALTER TABLE `bookings`
  ADD PRIMARY KEY (`id`),
  ADD KEY `vet_fk` (`vet_id`),
  ADD KEY `customer_fk` (`farmer_id`);

--
-- Indexes for table `breeds`
--
ALTER TABLE `breeds`
  ADD PRIMARY KEY (`id`);

--
-- Indexes for table `collections`
--
ALTER TABLE `collections`
  ADD PRIMARY KEY (`id`),
  ADD KEY `fk_index` (`farmer_id`),
  ADD KEY `route_index` (`route_id`);

--
-- Indexes for table `cows`
--
ALTER TABLE `cows`
  ADD PRIMARY KEY (`id`),
  ADD KEY `breed_fk` (`breed_id`),
  ADD KEY `route_id` (`route_id`),
  ADD KEY `supplier_fk` (`supplier_id`);

--
-- Indexes for table `currency_tbl`
--
ALTER TABLE `currency_tbl`
  ADD PRIMARY KEY (`id`);

--
-- Indexes for table `customer_information`
--
ALTER TABLE `customer_information`
  ADD PRIMARY KEY (`customer_id`),
  ADD KEY `route_fk` (`route_id`);

--
-- Indexes for table `designation`
--
ALTER TABLE `designation`
  ADD PRIMARY KEY (`id`);

--
-- Indexes for table `diseases`
--
ALTER TABLE `diseases`
  ADD PRIMARY KEY (`id`);

--
-- Indexes for table `email_config`
--
ALTER TABLE `email_config`
  ADD PRIMARY KEY (`id`);

--
-- Indexes for table `employee_history`
--
ALTER TABLE `employee_history`
  ADD PRIMARY KEY (`id`);

--
-- Indexes for table `employee_salary_payment`
--
ALTER TABLE `employee_salary_payment`
  ADD PRIMARY KEY (`emp_sal_pay_id`),
  ADD KEY `employee_id` (`employee_id`),
  ADD KEY `generate_id` (`generate_id`);

--
-- Indexes for table `employee_salary_setup`
--
ALTER TABLE `employee_salary_setup`
  ADD PRIMARY KEY (`e_s_s_id`),
  ADD KEY `employee_id` (`employee_id`);

--
-- Indexes for table `expense`
--
ALTER TABLE `expense`
  ADD PRIMARY KEY (`id`);

--
-- Indexes for table `expense_item`
--
ALTER TABLE `expense_item`
  ADD PRIMARY KEY (`id`);

--
-- Indexes for table `invoice`
--
ALTER TABLE `invoice`
  ADD PRIMARY KEY (`id`),
  ADD KEY `customer_id` (`customer_id`),
  ADD KEY `invoice_id` (`invoice_id`);

--
-- Indexes for table `invoice_details`
--
ALTER TABLE `invoice_details`
  ADD PRIMARY KEY (`id`),
  ADD KEY `invoice_id` (`invoice_id`),
  ADD KEY `product_id` (`product_id`);

--
-- Indexes for table `language`
--
ALTER TABLE `language`
  ADD PRIMARY KEY (`id`);

--
-- Indexes for table `leave_apply`
--
ALTER TABLE `leave_apply`
  ADD PRIMARY KEY (`leave_appl_id`);

--
-- Indexes for table `leave_type`
--
ALTER TABLE `leave_type`
  ADD PRIMARY KEY (`leave_type_id`);

--
-- Indexes for table `manfucturing_sales`
--
ALTER TABLE `manfucturing_sales`
  ADD PRIMARY KEY (`id`),
  ADD KEY `product_fk` (`product_id`),
  ADD KEY `farmer_id` (`farmer_id`);

--
-- Indexes for table `manufacturing`
--
ALTER TABLE `manufacturing`
  ADD KEY `product_fk` (`product_id`),
  ADD KEY `raw_materials_fk` (`raw_material_id`);

--
-- Indexes for table `module`
--
ALTER TABLE `module`
  ADD PRIMARY KEY (`id`);

--
-- Indexes for table `payroll_holiday`
--
ALTER TABLE `payroll_holiday`
  ADD PRIMARY KEY (`payrl_holi_id`);

--
-- Indexes for table `payroll_tax_setup`
--
ALTER TABLE `payroll_tax_setup`
  ADD PRIMARY KEY (`tax_setup_id`);

--
-- Indexes for table `personal_loan`
--
ALTER TABLE `personal_loan`
  ADD PRIMARY KEY (`per_loan_id`);

--
-- Indexes for table `person_information`
--
ALTER TABLE `person_information`
  ADD PRIMARY KEY (`id`);

--
-- Indexes for table `person_ledger`
--
ALTER TABLE `person_ledger`
  ADD PRIMARY KEY (`id`),
  ADD KEY `person_id` (`person_id`);

--
-- Indexes for table `pesonal_loan_information`
--
ALTER TABLE `pesonal_loan_information`
  ADD PRIMARY KEY (`id`),
  ADD KEY `person_id` (`person_id`);

--
-- Indexes for table `products`
--
ALTER TABLE `products`
  ADD PRIMARY KEY (`id`);

--
-- Indexes for table `product_category`
--
ALTER TABLE `product_category`
  ADD PRIMARY KEY (`id`);

--
-- Indexes for table `product_information`
--
ALTER TABLE `product_information`
  ADD PRIMARY KEY (`id`),
  ADD KEY `category_id` (`category_id`),
  ADD KEY `product_id` (`product_id`);

--
-- Indexes for table `product_purchase`
--
ALTER TABLE `product_purchase`
  ADD PRIMARY KEY (`id`),
  ADD KEY `purchase_id` (`purchase_id`),
  ADD KEY `supplier_id` (`supplier_id`);

--
-- Indexes for table `product_purchase_details`
--
ALTER TABLE `product_purchase_details`
  ADD PRIMARY KEY (`id`),
  ADD KEY `purchase_id` (`purchase_id`),
  ADD KEY `product_id` (`product_id`);

--
-- Indexes for table `product_return`
--
ALTER TABLE `product_return`
  ADD KEY `product_id` (`product_id`),
  ADD KEY `invoice_id` (`invoice_id`),
  ADD KEY `purchase_id` (`purchase_id`),
  ADD KEY `customer_id` (`customer_id`),
  ADD KEY `supplier_id` (`supplier_id`);

--
-- Indexes for table `product_service`
--
ALTER TABLE `product_service`
  ADD PRIMARY KEY (`service_id`);

--
-- Indexes for table `quotation`
--
ALTER TABLE `quotation`
  ADD PRIMARY KEY (`id`),
  ADD UNIQUE KEY `quot_no` (`quot_no`),
  ADD KEY `quotation_id` (`quotation_id`),
  ADD KEY `customer_id` (`customer_id`);

--
-- Indexes for table `quotation_service_used`
--
ALTER TABLE `quotation_service_used`
  ADD PRIMARY KEY (`id`),
  ADD KEY `quot_id` (`quot_id`),
  ADD KEY `service_id` (`service_id`);

--
-- Indexes for table `quotation_taxinfo`
--
ALTER TABLE `quotation_taxinfo`
  ADD PRIMARY KEY (`id`),
  ADD KEY `customer_id` (`customer_id`);

--
-- Indexes for table `quot_products_used`
--
ALTER TABLE `quot_products_used`
  ADD PRIMARY KEY (`id`),
  ADD KEY `product_id` (`product_id`),
  ADD KEY `quot_id` (`quot_id`);

--
-- Indexes for table `raw_materials`
--
ALTER TABLE `raw_materials`
  ADD PRIMARY KEY (`id`);

--
-- Indexes for table `role_permission`
--
ALTER TABLE `role_permission`
  ADD PRIMARY KEY (`id`),
  ADD KEY `fk_module_id` (`fk_module_id`),
  ADD KEY `fk_user_id` (`role_id`);

--
-- Indexes for table `routes`
--
ALTER TABLE `routes`
  ADD PRIMARY KEY (`id`);

--
-- Indexes for table `salary_sheet_generate`
--
ALTER TABLE `salary_sheet_generate`
  ADD PRIMARY KEY (`ssg_id`);

--
-- Indexes for table `salary_type`
--
ALTER TABLE `salary_type`
  ADD PRIMARY KEY (`salary_type_id`);

--
-- Indexes for table `sec_role`
--
ALTER TABLE `sec_role`
  ADD PRIMARY KEY (`id`);

--
-- Indexes for table `sec_userrole`
--
ALTER TABLE `sec_userrole`
  ADD UNIQUE KEY `ID` (`id`);

--
-- Indexes for table `service_invoice`
--
ALTER TABLE `service_invoice`
  ADD PRIMARY KEY (`id`),
  ADD KEY `customer_id` (`customer_id`);

--
-- Indexes for table `service_invoice_details`
--
ALTER TABLE `service_invoice_details`
  ADD PRIMARY KEY (`id`),
  ADD KEY `service_id` (`service_id`);

--
-- Indexes for table `sick_cows`
--
ALTER TABLE `sick_cows`
  ADD PRIMARY KEY (`id`),
  ADD KEY `cow_fk` (`cow_id`),
  ADD KEY `disease_fk` (`disease_id`);

--
-- Indexes for table `sms_settings`
--
ALTER TABLE `sms_settings`
  ADD PRIMARY KEY (`id`);

--
-- Indexes for table `sub_module`
--
ALTER TABLE `sub_module`
  ADD PRIMARY KEY (`id`);

--
-- Indexes for table `supplier_information`
--
ALTER TABLE `supplier_information`
  ADD PRIMARY KEY (`supplier_id`),
  ADD KEY `supplier_id` (`supplier_id`);

--
-- Indexes for table `supplier_product`
--
ALTER TABLE `supplier_product`
  ADD PRIMARY KEY (`supplier_pr_id`),
  ADD KEY `product_id` (`product_id`),
  ADD KEY `supplier_id` (`supplier_id`);

--
-- Indexes for table `tax_collection`
--
ALTER TABLE `tax_collection`
  ADD PRIMARY KEY (`id`),
  ADD KEY `customer_id` (`customer_id`);

--
-- Indexes for table `tax_settings`
--
ALTER TABLE `tax_settings`
  ADD PRIMARY KEY (`id`);

--
-- Indexes for table `units`
--
ALTER TABLE `units`
  ADD PRIMARY KEY (`id`);

--
-- Indexes for table `users`
--
ALTER TABLE `users`
  ADD PRIMARY KEY (`id`);

--
-- Indexes for table `user_login`
--
ALTER TABLE `user_login`
  ADD PRIMARY KEY (`id`);

--
-- Indexes for table `vets`
--
ALTER TABLE `vets`
  ADD PRIMARY KEY (`id`),
  ADD KEY `route_fk` (`route_id`);

--
-- Indexes for table `web_setting`
--
ALTER TABLE `web_setting`
  ADD PRIMARY KEY (`setting_id`);

--
-- Indexes for table `weekly_holiday`
--
ALTER TABLE `weekly_holiday`
  ADD PRIMARY KEY (`wk_id`);

--
-- AUTO_INCREMENT for dumped tables
--

--
-- AUTO_INCREMENT for table `acc_transaction`
--
ALTER TABLE `acc_transaction`
  MODIFY `ID` int(11) NOT NULL AUTO_INCREMENT, AUTO_INCREMENT=221;

--
-- AUTO_INCREMENT for table `app_setting`
--
ALTER TABLE `app_setting`
  MODIFY `id` int(11) NOT NULL AUTO_INCREMENT, AUTO_INCREMENT=2;

--
-- AUTO_INCREMENT for table `attendance`
--
ALTER TABLE `attendance`
  MODIFY `att_id` int(11) NOT NULL AUTO_INCREMENT;

--
-- AUTO_INCREMENT for table `bank_add`
--
ALTER TABLE `bank_add`
  MODIFY `id` int(11) NOT NULL AUTO_INCREMENT;

--
-- AUTO_INCREMENT for table `bookings`
--
ALTER TABLE `bookings`
  MODIFY `id` int(11) NOT NULL AUTO_INCREMENT, AUTO_INCREMENT=7;

--
-- AUTO_INCREMENT for table `breeds`
--
ALTER TABLE `breeds`
  MODIFY `id` int(11) NOT NULL AUTO_INCREMENT, AUTO_INCREMENT=7;

--
-- AUTO_INCREMENT for table `collections`
--
ALTER TABLE `collections`
  MODIFY `id` int(11) NOT NULL AUTO_INCREMENT, AUTO_INCREMENT=5;

--
-- AUTO_INCREMENT for table `cows`
--
ALTER TABLE `cows`
  MODIFY `id` int(11) NOT NULL AUTO_INCREMENT, AUTO_INCREMENT=5;

--
-- AUTO_INCREMENT for table `currency_tbl`
--
ALTER TABLE `currency_tbl`
  MODIFY `id` int(11) NOT NULL AUTO_INCREMENT, AUTO_INCREMENT=4;

--
-- AUTO_INCREMENT for table `customer_information`
--
ALTER TABLE `customer_information`
  MODIFY `customer_id` int(11) NOT NULL AUTO_INCREMENT, AUTO_INCREMENT=19;

--
-- AUTO_INCREMENT for table `designation`
--
ALTER TABLE `designation`
  MODIFY `id` int(11) NOT NULL AUTO_INCREMENT;

--
-- AUTO_INCREMENT for table `diseases`
--
ALTER TABLE `diseases`
  MODIFY `id` int(11) NOT NULL AUTO_INCREMENT, AUTO_INCREMENT=5;

--
-- AUTO_INCREMENT for table `email_config`
--
ALTER TABLE `email_config`
  MODIFY `id` int(11) NOT NULL AUTO_INCREMENT, AUTO_INCREMENT=2;

--
-- AUTO_INCREMENT for table `employee_history`
--
ALTER TABLE `employee_history`
  MODIFY `id` int(11) NOT NULL AUTO_INCREMENT, AUTO_INCREMENT=7;

--
-- AUTO_INCREMENT for table `employee_salary_payment`
--
ALTER TABLE `employee_salary_payment`
  MODIFY `emp_sal_pay_id` int(11) NOT NULL AUTO_INCREMENT, AUTO_INCREMENT=7;

--
-- AUTO_INCREMENT for table `employee_salary_setup`
--
ALTER TABLE `employee_salary_setup`
  MODIFY `e_s_s_id` int(10) UNSIGNED NOT NULL AUTO_INCREMENT, AUTO_INCREMENT=16;

--
-- AUTO_INCREMENT for table `expense`
--
ALTER TABLE `expense`
  MODIFY `id` int(11) NOT NULL AUTO_INCREMENT, AUTO_INCREMENT=3;

--
-- AUTO_INCREMENT for table `expense_item`
--
ALTER TABLE `expense_item`
  MODIFY `id` int(11) NOT NULL AUTO_INCREMENT, AUTO_INCREMENT=5;

--
-- AUTO_INCREMENT for table `invoice`
--
ALTER TABLE `invoice`
  MODIFY `id` int(11) NOT NULL AUTO_INCREMENT, AUTO_INCREMENT=31;

--
-- AUTO_INCREMENT for table `invoice_details`
--
ALTER TABLE `invoice_details`
  MODIFY `id` int(11) NOT NULL AUTO_INCREMENT, AUTO_INCREMENT=56;

--
-- AUTO_INCREMENT for table `language`
--
ALTER TABLE `language`
  MODIFY `id` int(10) UNSIGNED NOT NULL AUTO_INCREMENT, AUTO_INCREMENT=923;

--
-- AUTO_INCREMENT for table `leave_apply`
--
ALTER TABLE `leave_apply`
  MODIFY `leave_appl_id` int(11) NOT NULL AUTO_INCREMENT;

--
-- AUTO_INCREMENT for table `leave_type`
--
ALTER TABLE `leave_type`
  MODIFY `leave_type_id` int(11) NOT NULL AUTO_INCREMENT;

--
-- AUTO_INCREMENT for table `manfucturing_sales`
--
ALTER TABLE `manfucturing_sales`
  MODIFY `id` int(11) NOT NULL AUTO_INCREMENT, AUTO_INCREMENT=6;

--
-- AUTO_INCREMENT for table `module`
--
ALTER TABLE `module`
  MODIFY `id` int(11) NOT NULL AUTO_INCREMENT, AUTO_INCREMENT=17;

--
-- AUTO_INCREMENT for table `payroll_holiday`
--
ALTER TABLE `payroll_holiday`
  MODIFY `payrl_holi_id` int(10) UNSIGNED NOT NULL AUTO_INCREMENT;

--
-- AUTO_INCREMENT for table `payroll_tax_setup`
--
ALTER TABLE `payroll_tax_setup`
  MODIFY `tax_setup_id` int(10) UNSIGNED NOT NULL AUTO_INCREMENT, AUTO_INCREMENT=5;

--
-- AUTO_INCREMENT for table `personal_loan`
--
ALTER TABLE `personal_loan`
  MODIFY `per_loan_id` int(11) NOT NULL AUTO_INCREMENT, AUTO_INCREMENT=3;

--
-- AUTO_INCREMENT for table `person_information`
--
ALTER TABLE `person_information`
  MODIFY `id` int(11) NOT NULL AUTO_INCREMENT, AUTO_INCREMENT=2;

--
-- AUTO_INCREMENT for table `person_ledger`
--
ALTER TABLE `person_ledger`
  MODIFY `id` int(11) NOT NULL AUTO_INCREMENT, AUTO_INCREMENT=2;

--
-- AUTO_INCREMENT for table `pesonal_loan_information`
--
ALTER TABLE `pesonal_loan_information`
  MODIFY `id` int(11) NOT NULL AUTO_INCREMENT, AUTO_INCREMENT=2;

--
-- AUTO_INCREMENT for table `products`
--
ALTER TABLE `products`
  MODIFY `id` int(11) NOT NULL AUTO_INCREMENT, AUTO_INCREMENT=2;

--
-- AUTO_INCREMENT for table `product_category`
--
ALTER TABLE `product_category`
  MODIFY `id` int(11) NOT NULL AUTO_INCREMENT, AUTO_INCREMENT=11;

--
-- AUTO_INCREMENT for table `product_information`
--
ALTER TABLE `product_information`
  MODIFY `id` int(11) NOT NULL AUTO_INCREMENT, AUTO_INCREMENT=10;

--
-- AUTO_INCREMENT for table `product_purchase`
--
ALTER TABLE `product_purchase`
  MODIFY `id` int(11) NOT NULL AUTO_INCREMENT, AUTO_INCREMENT=16;

--
-- AUTO_INCREMENT for table `product_purchase_details`
--
ALTER TABLE `product_purchase_details`
  MODIFY `id` int(11) NOT NULL AUTO_INCREMENT;

--
-- AUTO_INCREMENT for table `product_service`
--
ALTER TABLE `product_service`
  MODIFY `service_id` int(11) NOT NULL AUTO_INCREMENT;

--
-- AUTO_INCREMENT for table `quotation`
--
ALTER TABLE `quotation`
  MODIFY `id` int(11) NOT NULL AUTO_INCREMENT;

--
-- AUTO_INCREMENT for table `quotation_service_used`
--
ALTER TABLE `quotation_service_used`
  MODIFY `id` int(11) NOT NULL AUTO_INCREMENT;

--
-- AUTO_INCREMENT for table `quotation_taxinfo`
--
ALTER TABLE `quotation_taxinfo`
  MODIFY `id` int(11) NOT NULL AUTO_INCREMENT;

--
-- AUTO_INCREMENT for table `quot_products_used`
--
ALTER TABLE `quot_products_used`
  MODIFY `id` int(11) NOT NULL AUTO_INCREMENT;

--
-- AUTO_INCREMENT for table `raw_materials`
--
ALTER TABLE `raw_materials`
  MODIFY `id` int(11) NOT NULL AUTO_INCREMENT, AUTO_INCREMENT=4;

--
-- AUTO_INCREMENT for table `role_permission`
--
ALTER TABLE `role_permission`
  MODIFY `id` int(11) NOT NULL AUTO_INCREMENT;

--
-- AUTO_INCREMENT for table `routes`
--
ALTER TABLE `routes`
  MODIFY `id` int(11) NOT NULL AUTO_INCREMENT, AUTO_INCREMENT=4;

--
-- AUTO_INCREMENT for table `salary_sheet_generate`
--
ALTER TABLE `salary_sheet_generate`
  MODIFY `ssg_id` int(10) UNSIGNED NOT NULL AUTO_INCREMENT;

--
-- AUTO_INCREMENT for table `salary_type`
--
ALTER TABLE `salary_type`
  MODIFY `salary_type_id` int(11) NOT NULL AUTO_INCREMENT;

--
-- AUTO_INCREMENT for table `sec_role`
--
ALTER TABLE `sec_role`
  MODIFY `id` int(11) NOT NULL AUTO_INCREMENT;

--
-- AUTO_INCREMENT for table `sec_userrole`
--
ALTER TABLE `sec_userrole`
  MODIFY `id` int(11) NOT NULL AUTO_INCREMENT;

--
-- AUTO_INCREMENT for table `service_invoice`
--
ALTER TABLE `service_invoice`
  MODIFY `id` int(11) NOT NULL AUTO_INCREMENT;

--
-- AUTO_INCREMENT for table `service_invoice_details`
--
ALTER TABLE `service_invoice_details`
  MODIFY `id` int(11) NOT NULL AUTO_INCREMENT;

--
-- AUTO_INCREMENT for table `sick_cows`
--
ALTER TABLE `sick_cows`
  MODIFY `id` int(11) NOT NULL AUTO_INCREMENT, AUTO_INCREMENT=4;

--
-- AUTO_INCREMENT for table `sms_settings`
--
ALTER TABLE `sms_settings`
  MODIFY `id` int(11) NOT NULL AUTO_INCREMENT, AUTO_INCREMENT=2;

--
-- AUTO_INCREMENT for table `sub_module`
--
ALTER TABLE `sub_module`
  MODIFY `id` int(11) NOT NULL AUTO_INCREMENT, AUTO_INCREMENT=122;

--
-- AUTO_INCREMENT for table `supplier_information`
--
ALTER TABLE `supplier_information`
  MODIFY `supplier_id` bigint(20) NOT NULL AUTO_INCREMENT, AUTO_INCREMENT=2;

--
-- AUTO_INCREMENT for table `supplier_product`
--
ALTER TABLE `supplier_product`
  MODIFY `supplier_pr_id` int(11) NOT NULL AUTO_INCREMENT, AUTO_INCREMENT=3;

--
-- AUTO_INCREMENT for table `tax_collection`
--
ALTER TABLE `tax_collection`
  MODIFY `id` int(11) NOT NULL AUTO_INCREMENT;

--
-- AUTO_INCREMENT for table `tax_settings`
--
ALTER TABLE `tax_settings`
  MODIFY `id` int(11) NOT NULL AUTO_INCREMENT, AUTO_INCREMENT=3;

--
-- AUTO_INCREMENT for table `units`
--
ALTER TABLE `units`
  MODIFY `id` int(11) NOT NULL AUTO_INCREMENT, AUTO_INCREMENT=2;

--
-- AUTO_INCREMENT for table `users`
--
ALTER TABLE `users`
  MODIFY `id` int(11) NOT NULL AUTO_INCREMENT, AUTO_INCREMENT=2;

--
-- AUTO_INCREMENT for table `user_login`
--
ALTER TABLE `user_login`
  MODIFY `id` int(11) NOT NULL AUTO_INCREMENT, AUTO_INCREMENT=3;

--
-- AUTO_INCREMENT for table `vets`
--
ALTER TABLE `vets`
  MODIFY `id` int(10) NOT NULL AUTO_INCREMENT, AUTO_INCREMENT=6;

--
-- AUTO_INCREMENT for table `web_setting`
--
ALTER TABLE `web_setting`
  MODIFY `setting_id` int(11) NOT NULL AUTO_INCREMENT, AUTO_INCREMENT=2;

--
-- AUTO_INCREMENT for table `weekly_holiday`
--
ALTER TABLE `weekly_holiday`
  MODIFY `wk_id` int(11) NOT NULL AUTO_INCREMENT, AUTO_INCREMENT=2;

--
-- Constraints for dumped tables
--

--
-- Constraints for table `bookings`
--
ALTER TABLE `bookings`
  ADD CONSTRAINT `bookings_ibfk_1` FOREIGN KEY (`vet_id`) REFERENCES `vets` (`id`) ON UPDATE CASCADE;

--
-- Constraints for table `collections`
--
ALTER TABLE `collections`
  ADD CONSTRAINT `collections_ibfk_1` FOREIGN KEY (`route_id`) REFERENCES `routes` (`id`) ON UPDATE CASCADE;

--
-- Constraints for table `cows`
--
ALTER TABLE `cows`
  ADD CONSTRAINT `cows_ibfk_1` FOREIGN KEY (`breed_id`) REFERENCES `breeds` (`id`),
  ADD CONSTRAINT `cows_ibfk_2` FOREIGN KEY (`route_id`) REFERENCES `routes` (`id`);

--
-- Constraints for table `manfucturing_sales`
--
ALTER TABLE `manfucturing_sales`
  ADD CONSTRAINT `manfucturing_sales_ibfk_1` FOREIGN KEY (`product_id`) REFERENCES `products` (`id`) ON UPDATE CASCADE;

--
-- Constraints for table `manufacturing`
--
ALTER TABLE `manufacturing`
  ADD CONSTRAINT `manufacturing_ibfk_1` FOREIGN KEY (`product_id`) REFERENCES `products` (`id`),
  ADD CONSTRAINT `manufacturing_ibfk_2` FOREIGN KEY (`raw_material_id`) REFERENCES `raw_materials` (`id`);

--
-- Constraints for table `sick_cows`
--
ALTER TABLE `sick_cows`
  ADD CONSTRAINT `sick_cows_ibfk_1` FOREIGN KEY (`cow_id`) REFERENCES `cows` (`id`) ON UPDATE CASCADE,
  ADD CONSTRAINT `sick_cows_ibfk_2` FOREIGN KEY (`disease_id`) REFERENCES `diseases` (`id`) ON UPDATE CASCADE;

--
-- Constraints for table `vets`
--
ALTER TABLE `vets`
  ADD CONSTRAINT `vets_ibfk_1` FOREIGN KEY (`route_id`) REFERENCES `routes` (`id`) ON UPDATE CASCADE;
COMMIT;

/*!40101 SET CHARACTER_SET_CLIENT=@OLD_CHARACTER_SET_CLIENT */;
/*!40101 SET CHARACTER_SET_RESULTS=@OLD_CHARACTER_SET_RESULTS */;
/*!40101 SET COLLATION_CONNECTION=@OLD_COLLATION_CONNECTION */;
